"TimeGenerated [Local Time]",MetricName,Total
"25/7/2022, 2:33:00.000 pm",ServiceApiLatency,1234
"25/7/2022, 2:33:00.000 pm",ServiceApiHit,20
"25/7/2022, 2:33:00.000 pm",Availability,20
"25/7/2022, 2:33:00.000 pm",ServiceApiResult,20
"25/7/2022, 2:33:00.000 pm",ServiceApiResult,34
"25/7/2022, 2:33:00.000 pm",ServiceApiLatency,2541
"25/7/2022, 2:33:00.000 pm",ServiceApiHit,34
"25/7/2022, 2:33:00.000 pm",Availability,34
"25/7/2022, 2:34:00.000 pm",ServiceApiLatency,666
"25/7/2022, 2:34:00.000 pm",ServiceApiHit,11
"25/7/2022, 2:34:00.000 pm",ServiceApiHit,12
"25/7/2022, 2:34:00.000 pm",ServiceApiLatency,1239
"25/7/2022, 2:34:00.000 pm",ServiceApiResult,12
"25/7/2022, 2:34:00.000 pm",Availability,12
"25/7/2022, 2:34:00.000 pm",ServiceApiResult,11
"25/7/2022, 2:34:00.000 pm",Availability,11
"25/7/2022, 2:35:00.000 pm",ServiceApiLatency,1615
"25/7/2022, 2:35:00.000 pm",ServiceApiResult,46
"25/7/2022, 2:35:00.000 pm",ServiceApiLatency,2686
"25/7/2022, 2:35:00.000 pm",ServiceApiHit,46
"25/7/2022, 2:35:00.000 pm",ServiceApiResult,22
"25/7/2022, 2:35:00.000 pm",Availability,22
"25/7/2022, 2:35:00.000 pm",Availability,46
"25/7/2022, 2:35:00.000 pm",ServiceApiHit,22
"25/7/2022, 2:36:00.000 pm",Availability,35
"25/7/2022, 2:36:00.000 pm",ServiceApiResult,35
"25/7/2022, 2:36:00.000 pm",ServiceApiLatency,1520
"25/7/2022, 2:36:00.000 pm",ServiceApiHit,35
"25/7/2022, 2:36:00.000 pm",ServiceApiHit,11
"25/7/2022, 2:36:00.000 pm",ServiceApiLatency,723
"25/7/2022, 2:36:00.000 pm",ServiceApiResult,11
"25/7/2022, 2:36:00.000 pm",Availability,11
"25/7/2022, 2:37:00.000 pm",Availability,22
"25/7/2022, 2:37:00.000 pm",ServiceApiResult,22
"25/7/2022, 2:37:00.000 pm",ServiceApiLatency,2760
"25/7/2022, 2:37:00.000 pm",ServiceApiHit,31
"25/7/2022, 2:37:00.000 pm",ServiceApiHit,22
"25/7/2022, 2:37:00.000 pm",ServiceApiLatency,1281
"25/7/2022, 2:37:00.000 pm",Availability,31
"25/7/2022, 2:37:00.000 pm",ServiceApiResult,31
"25/7/2022, 2:38:00.000 pm",ServiceApiResult,36
"25/7/2022, 2:38:00.000 pm",Availability,11
"25/7/2022, 2:38:00.000 pm",ServiceApiResult,11
"25/7/2022, 2:38:00.000 pm",ServiceApiLatency,750
"25/7/2022, 2:38:00.000 pm",Availability,36
"25/7/2022, 2:38:00.000 pm",ServiceApiLatency,1513
"25/7/2022, 2:38:00.000 pm",ServiceApiHit,36
"25/7/2022, 2:38:00.000 pm",ServiceApiHit,11
"25/7/2022, 2:39:00.000 pm",Availability,22
"25/7/2022, 2:39:00.000 pm",ServiceApiResult,22
"25/7/2022, 2:39:00.000 pm",ServiceApiLatency,1336
"25/7/2022, 2:39:00.000 pm",ServiceApiHit,22
"25/7/2022, 2:39:00.000 pm",Availability,1344
"25/7/2022, 2:39:00.000 pm",ServiceApiResult,1344
"25/7/2022, 2:39:00.000 pm",ServiceApiLatency,21820
"25/7/2022, 2:39:00.000 pm",ServiceApiHit,1344
"25/7/2022, 2:40:00.000 pm",Availability,52
"25/7/2022, 2:40:00.000 pm",ServiceApiResult,52
"25/7/2022, 2:40:00.000 pm",ServiceApiLatency,585
"25/7/2022, 2:40:00.000 pm",ServiceApiHit,52
"25/7/2022, 2:40:00.000 pm",Availability,6
"25/7/2022, 2:40:00.000 pm",ServiceApiResult,6
"25/7/2022, 2:40:00.000 pm",ServiceApiLatency,334
"25/7/2022, 2:40:00.000 pm",ServiceApiHit,6
"25/7/2022, 2:41:00.000 pm",ServiceApiHit,16
"25/7/2022, 2:41:00.000 pm",ServiceApiLatency,1006
"25/7/2022, 2:41:00.000 pm",ServiceApiResult,16
"25/7/2022, 2:41:00.000 pm",Availability,16
"25/7/2022, 2:41:00.000 pm",Availability,409
"25/7/2022, 2:41:00.000 pm",ServiceApiResult,409
"25/7/2022, 2:41:00.000 pm",ServiceApiLatency,7930
"25/7/2022, 2:41:00.000 pm",ServiceApiHit,409
"25/7/2022, 2:42:00.000 pm",ServiceApiLatency,1459
"25/7/2022, 2:42:00.000 pm",ServiceApiResult,11
"25/7/2022, 2:42:00.000 pm",ServiceApiHit,37
"25/7/2022, 2:42:00.000 pm",ServiceApiResult,37
"25/7/2022, 2:42:00.000 pm",Availability,37
"25/7/2022, 2:42:00.000 pm",Availability,11
"25/7/2022, 2:42:00.000 pm",ServiceApiHit,11
"25/7/2022, 2:42:00.000 pm",ServiceApiLatency,626
"25/7/2022, 2:43:00.000 pm",Availability,47
"25/7/2022, 2:43:00.000 pm",ServiceApiResult,47
"25/7/2022, 2:43:00.000 pm",ServiceApiLatency,2644
"25/7/2022, 2:43:00.000 pm",ServiceApiHit,47
"25/7/2022, 2:43:00.000 pm",ServiceApiHit,22
"25/7/2022, 2:43:00.000 pm",ServiceApiLatency,1319
"25/7/2022, 2:43:00.000 pm",ServiceApiResult,22
"25/7/2022, 2:43:00.000 pm",Availability,22
"25/7/2022, 2:44:00.000 pm",Availability,34
"25/7/2022, 2:44:00.000 pm",Availability,11
"25/7/2022, 2:44:00.000 pm",ServiceApiResult,34
"25/7/2022, 2:44:00.000 pm",ServiceApiLatency,1510
"25/7/2022, 2:44:00.000 pm",ServiceApiResult,11
"25/7/2022, 2:44:00.000 pm",ServiceApiLatency,619
"25/7/2022, 2:44:00.000 pm",ServiceApiHit,11
"25/7/2022, 2:44:00.000 pm",ServiceApiHit,34
"25/7/2022, 2:45:00.000 pm",Availability,524
"25/7/2022, 2:45:00.000 pm",ServiceApiResult,524
"25/7/2022, 2:45:00.000 pm",ServiceApiLatency,10702
"25/7/2022, 2:45:00.000 pm",ServiceApiHit,524
"25/7/2022, 2:45:00.000 pm",Availability,22
"25/7/2022, 2:45:00.000 pm",ServiceApiResult,22
"25/7/2022, 2:45:00.000 pm",ServiceApiLatency,1377
"25/7/2022, 2:45:00.000 pm",ServiceApiHit,22
"25/7/2022, 2:46:00.000 pm",Availability,281
"25/7/2022, 2:46:00.000 pm",ServiceApiResult,281
"25/7/2022, 2:46:00.000 pm",ServiceApiLatency,4600
"25/7/2022, 2:46:00.000 pm",ServiceApiHit,281
"25/7/2022, 2:46:00.000 pm",ServiceApiHit,11
"25/7/2022, 2:46:00.000 pm",ServiceApiLatency,722
"25/7/2022, 2:46:00.000 pm",ServiceApiResult,11
"25/7/2022, 2:46:00.000 pm",Availability,11
"25/7/2022, 2:47:00.000 pm",Availability,46
"25/7/2022, 2:47:00.000 pm",ServiceApiResult,46
"25/7/2022, 2:47:00.000 pm",ServiceApiLatency,2888
"25/7/2022, 2:47:00.000 pm",ServiceApiHit,46
"25/7/2022, 2:47:00.000 pm",Availability,22
"25/7/2022, 2:47:00.000 pm",ServiceApiResult,22
"25/7/2022, 2:47:00.000 pm",ServiceApiLatency,1313
"25/7/2022, 2:47:00.000 pm",ServiceApiHit,22
"25/7/2022, 2:48:00.000 pm",Availability,32
"25/7/2022, 2:48:00.000 pm",ServiceApiLatency,698
"25/7/2022, 2:48:00.000 pm",ServiceApiResult,32
"25/7/2022, 2:48:00.000 pm",ServiceApiLatency,1716
"25/7/2022, 2:48:00.000 pm",ServiceApiHit,32
"25/7/2022, 2:48:00.000 pm",ServiceApiHit,11
"25/7/2022, 2:48:00.000 pm",Availability,11
"25/7/2022, 2:48:00.000 pm",ServiceApiResult,11
"25/7/2022, 2:49:00.000 pm",ServiceApiHit,27
"25/7/2022, 2:49:00.000 pm",ServiceApiLatency,1203
"25/7/2022, 2:49:00.000 pm",ServiceApiResult,27
"25/7/2022, 2:49:00.000 pm",Availability,27
"25/7/2022, 2:49:00.000 pm",Availability,11
"25/7/2022, 2:49:00.000 pm",ServiceApiResult,11
"25/7/2022, 2:49:00.000 pm",ServiceApiLatency,690
"25/7/2022, 2:49:00.000 pm",ServiceApiHit,11
"25/7/2022, 2:50:00.000 pm",ServiceApiHit,11
"25/7/2022, 2:50:00.000 pm",ServiceApiLatency,643
"25/7/2022, 2:50:00.000 pm",ServiceApiResult,11
"25/7/2022, 2:50:00.000 pm",Availability,11
"25/7/2022, 2:50:00.000 pm",ServiceApiHit,19
"25/7/2022, 2:50:00.000 pm",ServiceApiLatency,1244
"25/7/2022, 2:50:00.000 pm",ServiceApiResult,19
"25/7/2022, 2:50:00.000 pm",Availability,19
"25/7/2022, 2:51:00.000 pm",ServiceApiHit,22
"25/7/2022, 2:51:00.000 pm",ServiceApiLatency,1846
"25/7/2022, 2:51:00.000 pm",ServiceApiResult,22
"25/7/2022, 2:51:00.000 pm",Availability,22
"25/7/2022, 2:51:00.000 pm",Availability,68
"25/7/2022, 2:51:00.000 pm",ServiceApiResult,68
"25/7/2022, 2:51:00.000 pm",ServiceApiLatency,4190
"25/7/2022, 2:51:00.000 pm",ServiceApiHit,68
"25/7/2022, 2:52:00.000 pm",ServiceApiHit,409
"25/7/2022, 2:52:00.000 pm",ServiceApiLatency,6352
"25/7/2022, 2:52:00.000 pm",ServiceApiResult,409
"25/7/2022, 2:52:00.000 pm",Availability,409
"25/7/2022, 2:52:00.000 pm",Availability,11
"25/7/2022, 2:52:00.000 pm",ServiceApiResult,11
"25/7/2022, 2:52:00.000 pm",ServiceApiLatency,689
"25/7/2022, 2:52:00.000 pm",ServiceApiHit,11
"25/7/2022, 2:53:00.000 pm",ServiceApiHit,22
"25/7/2022, 2:53:00.000 pm",ServiceApiLatency,1249
"25/7/2022, 2:53:00.000 pm",ServiceApiHit,65
"25/7/2022, 2:53:00.000 pm",ServiceApiLatency,2750
"25/7/2022, 2:53:00.000 pm",ServiceApiResult,65
"25/7/2022, 2:53:00.000 pm",Availability,65
"25/7/2022, 2:53:00.000 pm",ServiceApiResult,22
"25/7/2022, 2:53:00.000 pm",Availability,22
"25/7/2022, 2:54:00.000 pm",Availability,30
"25/7/2022, 2:54:00.000 pm",ServiceApiResult,30
"25/7/2022, 2:54:00.000 pm",ServiceApiLatency,1413
"25/7/2022, 2:54:00.000 pm",ServiceApiHit,30
"25/7/2022, 2:54:00.000 pm",Availability,11
"25/7/2022, 2:54:00.000 pm",ServiceApiResult,11
"25/7/2022, 2:54:00.000 pm",ServiceApiLatency,548
"25/7/2022, 2:54:00.000 pm",ServiceApiHit,11
"25/7/2022, 2:55:00.000 pm",ServiceApiHit,409
"25/7/2022, 2:55:00.000 pm",ServiceApiLatency,7969
"25/7/2022, 2:55:00.000 pm",ServiceApiResult,409
"25/7/2022, 2:55:00.000 pm",Availability,409
"25/7/2022, 2:55:00.000 pm",ServiceApiHit,22
"25/7/2022, 2:55:00.000 pm",ServiceApiLatency,1378
"25/7/2022, 2:55:00.000 pm",ServiceApiResult,22
"25/7/2022, 2:55:00.000 pm",Availability,22
"25/7/2022, 2:56:00.000 pm",Availability,11
"25/7/2022, 2:56:00.000 pm",ServiceApiResult,11
"25/7/2022, 2:56:00.000 pm",ServiceApiLatency,701
"25/7/2022, 2:56:00.000 pm",ServiceApiHit,11
"25/7/2022, 2:56:00.000 pm",Availability,219
"25/7/2022, 2:56:00.000 pm",ServiceApiResult,219
"25/7/2022, 2:56:00.000 pm",ServiceApiLatency,4800
"25/7/2022, 2:56:00.000 pm",ServiceApiHit,219
"25/7/2022, 2:57:00.000 pm",Availability,412
"25/7/2022, 2:57:00.000 pm",ServiceApiResult,412
"25/7/2022, 2:57:00.000 pm",ServiceApiLatency,5982
"25/7/2022, 2:57:00.000 pm",ServiceApiHit,412
"25/7/2022, 2:57:00.000 pm",Availability,13
"25/7/2022, 2:57:00.000 pm",ServiceApiResult,13
"25/7/2022, 2:57:00.000 pm",ServiceApiLatency,852
"25/7/2022, 2:57:00.000 pm",ServiceApiHit,13
"25/7/2022, 2:58:00.000 pm",ServiceApiLatency,6028
"25/7/2022, 2:58:00.000 pm",ServiceApiResult,561
"25/7/2022, 2:58:00.000 pm",Availability,561
"25/7/2022, 2:58:00.000 pm",ServiceApiHit,9
"25/7/2022, 2:58:00.000 pm",ServiceApiLatency,461
"25/7/2022, 2:58:00.000 pm",ServiceApiResult,9
"25/7/2022, 2:58:00.000 pm",Availability,9
"25/7/2022, 2:58:00.000 pm",ServiceApiHit,561
"25/7/2022, 2:59:00.000 pm",ServiceApiLatency,5942
"25/7/2022, 2:59:00.000 pm",ServiceApiHit,427
"25/7/2022, 2:59:00.000 pm",Availability,427
"25/7/2022, 2:59:00.000 pm",ServiceApiResult,427
"25/7/2022, 2:59:00.000 pm",Availability,22
"25/7/2022, 2:59:00.000 pm",ServiceApiResult,22
"25/7/2022, 2:59:00.000 pm",ServiceApiLatency,1356
"25/7/2022, 2:59:00.000 pm",ServiceApiHit,22
"25/7/2022, 3:25:00.000 pm",ServiceApiHit,24
"25/7/2022, 3:25:00.000 pm",ServiceApiLatency,2404
"25/7/2022, 3:25:00.000 pm",ServiceApiResult,24
"25/7/2022, 3:25:00.000 pm",Availability,24
"25/7/2022, 3:26:00.000 pm",Availability,12
"25/7/2022, 3:26:00.000 pm",ServiceApiResult,12
"25/7/2022, 3:26:00.000 pm",ServiceApiLatency,1252
"25/7/2022, 3:26:00.000 pm",ServiceApiHit,12
"25/7/2022, 3:27:00.000 pm",ServiceApiHit,24
"25/7/2022, 3:27:00.000 pm",ServiceApiLatency,2264
"25/7/2022, 3:27:00.000 pm",ServiceApiResult,24
"25/7/2022, 3:27:00.000 pm",Availability,24
"25/7/2022, 3:27:00.000 pm",ServiceApiHit,22
"25/7/2022, 3:27:00.000 pm",ServiceApiResult,22
"25/7/2022, 3:27:00.000 pm",Availability,22
"25/7/2022, 3:27:00.000 pm",ServiceApiLatency,1349
"25/7/2022, 3:28:00.000 pm",ServiceApiLatency,1070
"25/7/2022, 3:28:00.000 pm",ServiceApiHit,12
"25/7/2022, 3:28:00.000 pm",Availability,11
"25/7/2022, 3:28:00.000 pm",ServiceApiResult,11
"25/7/2022, 3:28:00.000 pm",ServiceApiLatency,688
"25/7/2022, 3:28:00.000 pm",ServiceApiHit,11
"25/7/2022, 3:28:00.000 pm",Availability,12
"25/7/2022, 3:28:00.000 pm",ServiceApiResult,12
"25/7/2022, 3:29:00.000 pm",Availability,34
"25/7/2022, 3:29:00.000 pm",ServiceApiResult,34
"25/7/2022, 3:29:00.000 pm",ServiceApiLatency,1270
"25/7/2022, 3:29:00.000 pm",ServiceApiHit,34
"25/7/2022, 3:29:00.000 pm",ServiceApiResult,11
"25/7/2022, 3:29:00.000 pm",Availability,11
"25/7/2022, 3:29:00.000 pm",ServiceApiLatency,712
"25/7/2022, 3:29:00.000 pm",ServiceApiHit,11
"25/7/2022, 3:30:00.000 pm",Availability,11
"25/7/2022, 3:30:00.000 pm",ServiceApiResult,11
"25/7/2022, 3:30:00.000 pm",ServiceApiLatency,595
"25/7/2022, 3:30:00.000 pm",ServiceApiHit,11
"25/7/2022, 3:30:00.000 pm",ServiceApiHit,383
"25/7/2022, 3:30:00.000 pm",Availability,383
"25/7/2022, 3:30:00.000 pm",ServiceApiLatency,6350
"25/7/2022, 3:30:00.000 pm",ServiceApiResult,383
"25/7/2022, 3:31:00.000 pm",ServiceApiLatency,2203
"25/7/2022, 3:31:00.000 pm",ServiceApiResult,24
"25/7/2022, 3:31:00.000 pm",Availability,24
"25/7/2022, 3:31:00.000 pm",Availability,22
"25/7/2022, 3:31:00.000 pm",ServiceApiResult,22
"25/7/2022, 3:31:00.000 pm",ServiceApiLatency,1265
"25/7/2022, 3:31:00.000 pm",ServiceApiHit,22
"25/7/2022, 3:31:00.000 pm",ServiceApiHit,24
"25/7/2022, 3:32:00.000 pm",ServiceApiResult,371
"25/7/2022, 3:32:00.000 pm",ServiceApiHit,371
"25/7/2022, 3:32:00.000 pm",ServiceApiLatency,6401
"25/7/2022, 3:32:00.000 pm",Availability,371
"25/7/2022, 3:32:00.000 pm",ServiceApiHit,11
"25/7/2022, 3:32:00.000 pm",ServiceApiLatency,867
"25/7/2022, 3:32:00.000 pm",ServiceApiResult,11
"25/7/2022, 3:32:00.000 pm",Availability,11
"25/7/2022, 3:33:00.000 pm",ServiceApiLatency,1250
"25/7/2022, 3:33:00.000 pm",ServiceApiLatency,2148
"25/7/2022, 3:33:00.000 pm",ServiceApiResult,22
"25/7/2022, 3:33:00.000 pm",ServiceApiResult,27
"25/7/2022, 3:33:00.000 pm",Availability,27
"25/7/2022, 3:33:00.000 pm",ServiceApiHit,22
"25/7/2022, 3:33:00.000 pm",ServiceApiHit,27
"25/7/2022, 3:33:00.000 pm",Availability,22
"25/7/2022, 3:34:00.000 pm",Availability,11
"25/7/2022, 3:34:00.000 pm",Availability,14
"25/7/2022, 3:34:00.000 pm",ServiceApiResult,14
"25/7/2022, 3:34:00.000 pm",ServiceApiLatency,1125
"25/7/2022, 3:34:00.000 pm",ServiceApiHit,14
"25/7/2022, 3:34:00.000 pm",ServiceApiLatency,737
"25/7/2022, 3:34:00.000 pm",ServiceApiHit,11
"25/7/2022, 3:34:00.000 pm",ServiceApiResult,11
"25/7/2022, 3:35:00.000 pm",ServiceApiResult,22
"25/7/2022, 3:35:00.000 pm",Availability,22
"25/7/2022, 3:35:00.000 pm",ServiceApiHit,24
"25/7/2022, 3:35:00.000 pm",ServiceApiLatency,2125
"25/7/2022, 3:35:00.000 pm",ServiceApiResult,24
"25/7/2022, 3:35:00.000 pm",ServiceApiLatency,1346
"25/7/2022, 3:35:00.000 pm",ServiceApiHit,22
"25/7/2022, 3:35:00.000 pm",Availability,24
"25/7/2022, 3:36:00.000 pm",Availability,11
"25/7/2022, 3:36:00.000 pm",ServiceApiResult,11
"25/7/2022, 3:36:00.000 pm",ServiceApiLatency,660
"25/7/2022, 3:36:00.000 pm",ServiceApiHit,11
"25/7/2022, 3:36:00.000 pm",ServiceApiHit,12
"25/7/2022, 3:36:00.000 pm",ServiceApiLatency,1052
"25/7/2022, 3:36:00.000 pm",ServiceApiResult,12
"25/7/2022, 3:36:00.000 pm",Availability,12
"25/7/2022, 3:37:00.000 pm",Availability,19
"25/7/2022, 3:37:00.000 pm",ServiceApiLatency,1141
"25/7/2022, 3:37:00.000 pm",ServiceApiResult,12
"25/7/2022, 3:37:00.000 pm",Availability,12
"25/7/2022, 3:37:00.000 pm",ServiceApiHit,12
"25/7/2022, 3:37:00.000 pm",ServiceApiHit,19
"25/7/2022, 3:37:00.000 pm",ServiceApiLatency,1249
"25/7/2022, 3:37:00.000 pm",ServiceApiResult,19
"25/7/2022, 3:38:00.000 pm",Availability,24
"25/7/2022, 3:38:00.000 pm",ServiceApiHit,3
"25/7/2022, 3:38:00.000 pm",ServiceApiLatency,1159
"25/7/2022, 3:38:00.000 pm",Availability,3
"25/7/2022, 3:38:00.000 pm",ServiceApiResult,3
"25/7/2022, 3:38:00.000 pm",ServiceApiLatency,21
"25/7/2022, 3:38:00.000 pm",ServiceApiHit,24
"25/7/2022, 3:38:00.000 pm",ServiceApiResult,24
"25/7/2022, 3:39:00.000 pm",ServiceApiLatency,1394
"25/7/2022, 3:39:00.000 pm",ServiceApiHit,22
"25/7/2022, 3:39:00.000 pm",Availability,28
"25/7/2022, 3:39:00.000 pm",ServiceApiHit,28
"25/7/2022, 3:39:00.000 pm",ServiceApiLatency,2567
"25/7/2022, 3:39:00.000 pm",ServiceApiResult,28
"25/7/2022, 3:39:00.000 pm",Availability,22
"25/7/2022, 3:39:00.000 pm",ServiceApiResult,22
"25/7/2022, 3:40:00.000 pm",Availability,11
"25/7/2022, 3:40:00.000 pm",ServiceApiHit,12
"25/7/2022, 3:40:00.000 pm",ServiceApiLatency,1111
"25/7/2022, 3:40:00.000 pm",ServiceApiResult,12
"25/7/2022, 3:40:00.000 pm",ServiceApiResult,11
"25/7/2022, 3:40:00.000 pm",Availability,12
"25/7/2022, 3:40:00.000 pm",ServiceApiLatency,1007
"25/7/2022, 3:40:00.000 pm",ServiceApiHit,11
"25/7/2022, 3:41:00.000 pm",ServiceApiHit,22
"25/7/2022, 3:41:00.000 pm",ServiceApiLatency,1351
"25/7/2022, 3:41:00.000 pm",ServiceApiResult,22
"25/7/2022, 3:41:00.000 pm",Availability,22
"25/7/2022, 3:41:00.000 pm",ServiceApiHit,383
"25/7/2022, 3:41:00.000 pm",ServiceApiLatency,7725
"25/7/2022, 3:41:00.000 pm",ServiceApiResult,383
"25/7/2022, 3:41:00.000 pm",Availability,383
"25/7/2022, 3:42:00.000 pm",ServiceApiLatency,1685
"25/7/2022, 3:42:00.000 pm",Availability,11
"25/7/2022, 3:42:00.000 pm",ServiceApiResult,11
"25/7/2022, 3:42:00.000 pm",ServiceApiLatency,761
"25/7/2022, 3:42:00.000 pm",ServiceApiHit,11
"25/7/2022, 3:42:00.000 pm",ServiceApiResult,12
"25/7/2022, 3:42:00.000 pm",Availability,12
"25/7/2022, 3:42:00.000 pm",ServiceApiHit,12
"25/7/2022, 3:43:00.000 pm",ServiceApiLatency,1304
"25/7/2022, 3:43:00.000 pm",ServiceApiHit,22
"25/7/2022, 3:43:00.000 pm",ServiceApiHit,24
"25/7/2022, 3:43:00.000 pm",ServiceApiLatency,2429
"25/7/2022, 3:43:00.000 pm",ServiceApiResult,24
"25/7/2022, 3:43:00.000 pm",Availability,24
"25/7/2022, 3:43:00.000 pm",Availability,22
"25/7/2022, 3:43:00.000 pm",ServiceApiResult,22
"25/7/2022, 3:44:00.000 pm",ServiceApiLatency,1098
"25/7/2022, 3:44:00.000 pm",Availability,12
"25/7/2022, 3:44:00.000 pm",ServiceApiResult,12
"25/7/2022, 3:44:00.000 pm",ServiceApiHit,12
"25/7/2022, 3:44:00.000 pm",Availability,11
"25/7/2022, 3:44:00.000 pm",ServiceApiResult,11
"25/7/2022, 3:44:00.000 pm",ServiceApiLatency,590
"25/7/2022, 3:44:00.000 pm",ServiceApiHit,11
"25/7/2022, 3:45:00.000 pm",Availability,22
"25/7/2022, 3:45:00.000 pm",ServiceApiResult,22
"25/7/2022, 3:45:00.000 pm",ServiceApiLatency,1276
"25/7/2022, 3:45:00.000 pm",ServiceApiHit,22
"25/7/2022, 3:45:00.000 pm",Availability,24
"25/7/2022, 3:45:00.000 pm",ServiceApiResult,24
"25/7/2022, 3:45:00.000 pm",ServiceApiLatency,2274
"25/7/2022, 3:45:00.000 pm",ServiceApiHit,24
"25/7/2022, 3:46:00.000 pm",ServiceApiHit,4
"25/7/2022, 3:46:00.000 pm",ServiceApiLatency,31
"25/7/2022, 3:46:00.000 pm",ServiceApiResult,4
"25/7/2022, 3:46:00.000 pm",Availability,4
"25/7/2022, 3:47:00.000 pm",Availability,22
"25/7/2022, 3:47:00.000 pm",ServiceApiResult,22
"25/7/2022, 3:47:00.000 pm",ServiceApiLatency,1281
"25/7/2022, 3:47:00.000 pm",ServiceApiHit,22
"25/7/2022, 3:47:00.000 pm",ServiceApiHit,383
"25/7/2022, 3:47:00.000 pm",ServiceApiLatency,7206
"25/7/2022, 3:47:00.000 pm",ServiceApiResult,383
"25/7/2022, 3:47:00.000 pm",Availability,383
"25/7/2022, 3:48:00.000 pm",ServiceApiHit,12
"25/7/2022, 3:48:00.000 pm",ServiceApiLatency,1139
"25/7/2022, 3:48:00.000 pm",ServiceApiResult,12
"25/7/2022, 3:48:00.000 pm",Availability,12
"25/7/2022, 3:48:00.000 pm",ServiceApiHit,11
"25/7/2022, 3:48:00.000 pm",ServiceApiLatency,606
"25/7/2022, 3:48:00.000 pm",ServiceApiResult,11
"25/7/2022, 3:48:00.000 pm",Availability,11
"25/7/2022, 3:49:00.000 pm",Availability,22
"25/7/2022, 3:49:00.000 pm",ServiceApiResult,22
"25/7/2022, 3:49:00.000 pm",ServiceApiLatency,1246
"25/7/2022, 3:49:00.000 pm",ServiceApiHit,22
"25/7/2022, 3:49:00.000 pm",ServiceApiHit,25
"25/7/2022, 3:49:00.000 pm",ServiceApiLatency,2451
"25/7/2022, 3:49:00.000 pm",ServiceApiResult,25
"25/7/2022, 3:49:00.000 pm",Availability,25
"25/7/2022, 3:50:00.000 pm",Availability,11
"25/7/2022, 3:50:00.000 pm",ServiceApiHit,373
"25/7/2022, 3:50:00.000 pm",ServiceApiHit,11
"25/7/2022, 3:50:00.000 pm",ServiceApiLatency,6933
"25/7/2022, 3:50:00.000 pm",ServiceApiResult,373
"25/7/2022, 3:50:00.000 pm",Availability,373
"25/7/2022, 3:50:00.000 pm",ServiceApiLatency,604
"25/7/2022, 3:50:00.000 pm",ServiceApiResult,11
"25/7/2022, 3:51:00.000 pm",Availability,22
"25/7/2022, 3:51:00.000 pm",ServiceApiResult,22
"25/7/2022, 3:51:00.000 pm",ServiceApiLatency,1352
"25/7/2022, 3:51:00.000 pm",ServiceApiHit,24
"25/7/2022, 3:51:00.000 pm",ServiceApiHit,22
"25/7/2022, 3:51:00.000 pm",ServiceApiLatency,2384
"25/7/2022, 3:51:00.000 pm",ServiceApiResult,24
"25/7/2022, 3:51:00.000 pm",Availability,24
"25/7/2022, 3:52:00.000 pm",Availability,11
"25/7/2022, 3:52:00.000 pm",ServiceApiResult,11
"25/7/2022, 3:52:00.000 pm",ServiceApiLatency,890
"25/7/2022, 3:52:00.000 pm",ServiceApiHit,11
"25/7/2022, 3:52:00.000 pm",Availability,371
"25/7/2022, 3:52:00.000 pm",ServiceApiResult,371
"25/7/2022, 3:52:00.000 pm",ServiceApiLatency,6628
"25/7/2022, 3:52:00.000 pm",ServiceApiHit,371
"25/7/2022, 3:53:00.000 pm",Availability,22
"25/7/2022, 3:53:00.000 pm",ServiceApiResult,22
"25/7/2022, 3:53:00.000 pm",ServiceApiHit,22
"25/7/2022, 3:53:00.000 pm",ServiceApiResult,27
"25/7/2022, 3:53:00.000 pm",ServiceApiLatency,2411
"25/7/2022, 3:53:00.000 pm",ServiceApiHit,27
"25/7/2022, 3:53:00.000 pm",Availability,27
"25/7/2022, 3:53:00.000 pm",ServiceApiLatency,1342
"25/7/2022, 3:55:00.000 pm",ServiceApiHit,383
"25/7/2022, 3:55:00.000 pm",ServiceApiLatency,9427
"25/7/2022, 3:55:00.000 pm",ServiceApiResult,383
"25/7/2022, 3:55:00.000 pm",Availability,383
"25/7/2022, 3:55:00.000 pm",Availability,22
"25/7/2022, 3:55:00.000 pm",ServiceApiResult,22
"25/7/2022, 3:55:00.000 pm",ServiceApiLatency,1498
"25/7/2022, 3:55:00.000 pm",ServiceApiHit,22
"25/7/2022, 3:56:00.000 pm",Availability,15
"25/7/2022, 3:56:00.000 pm",ServiceApiResult,15
"25/7/2022, 3:56:00.000 pm",ServiceApiLatency,1132
"25/7/2022, 3:56:00.000 pm",ServiceApiHit,15
"25/7/2022, 3:56:00.000 pm",Availability,11
"25/7/2022, 3:56:00.000 pm",ServiceApiResult,11
"25/7/2022, 3:56:00.000 pm",ServiceApiLatency,814
"25/7/2022, 3:56:00.000 pm",ServiceApiHit,11
"25/7/2022, 3:57:00.000 pm",Availability,24
"25/7/2022, 3:57:00.000 pm",ServiceApiResult,24
"25/7/2022, 3:57:00.000 pm",ServiceApiLatency,2454
"25/7/2022, 3:57:00.000 pm",ServiceApiHit,24
"25/7/2022, 3:57:00.000 pm",Availability,22
"25/7/2022, 3:57:00.000 pm",ServiceApiHit,22
"25/7/2022, 3:57:00.000 pm",ServiceApiLatency,1270
"25/7/2022, 3:57:00.000 pm",ServiceApiResult,22
"25/7/2022, 3:58:00.000 pm",ServiceApiLatency,810
"25/7/2022, 3:58:00.000 pm",ServiceApiResult,11
"25/7/2022, 3:58:00.000 pm",Availability,11
"25/7/2022, 3:58:00.000 pm",ServiceApiHit,352
"25/7/2022, 3:58:00.000 pm",ServiceApiLatency,7147
"25/7/2022, 3:58:00.000 pm",ServiceApiResult,352
"25/7/2022, 3:58:00.000 pm",Availability,352
"25/7/2022, 3:58:00.000 pm",ServiceApiHit,11
"25/7/2022, 3:59:00.000 pm",ServiceApiHit,22
"25/7/2022, 3:59:00.000 pm",Availability,403
"25/7/2022, 3:59:00.000 pm",ServiceApiResult,403
"25/7/2022, 3:59:00.000 pm",ServiceApiHit,403
"25/7/2022, 3:59:00.000 pm",Availability,22
"25/7/2022, 3:59:00.000 pm",ServiceApiResult,22
"25/7/2022, 3:59:00.000 pm",ServiceApiLatency,1496
"25/7/2022, 3:59:00.000 pm",ServiceApiLatency,7853
"25/7/2022, 4:00:00.000 pm",ServiceApiResult,11
"25/7/2022, 4:00:00.000 pm",ServiceApiHit,376
"25/7/2022, 4:00:00.000 pm",ServiceApiLatency,6880
"25/7/2022, 4:00:00.000 pm",ServiceApiResult,376
"25/7/2022, 4:00:00.000 pm",Availability,376
"25/7/2022, 4:00:00.000 pm",Availability,11
"25/7/2022, 4:00:00.000 pm",ServiceApiLatency,599
"25/7/2022, 4:00:00.000 pm",ServiceApiHit,11
"25/7/2022, 4:01:00.000 pm",Availability,28
"25/7/2022, 4:01:00.000 pm",ServiceApiResult,28
"25/7/2022, 4:01:00.000 pm",ServiceApiLatency,2229
"25/7/2022, 4:01:00.000 pm",ServiceApiHit,28
"25/7/2022, 4:01:00.000 pm",ServiceApiHit,22
"25/7/2022, 4:01:00.000 pm",ServiceApiLatency,1267
"25/7/2022, 4:01:00.000 pm",ServiceApiResult,22
"25/7/2022, 4:01:00.000 pm",Availability,22
"25/7/2022, 4:03:00.000 pm",ServiceApiResult,24
"25/7/2022, 4:03:00.000 pm",Availability,24
"25/7/2022, 4:03:00.000 pm",ServiceApiHit,22
"25/7/2022, 4:03:00.000 pm",Availability,22
"25/7/2022, 4:03:00.000 pm",ServiceApiResult,22
"25/7/2022, 4:03:00.000 pm",ServiceApiLatency,1360
"25/7/2022, 4:03:00.000 pm",ServiceApiLatency,2313
"25/7/2022, 4:03:00.000 pm",ServiceApiHit,24
"25/7/2022, 4:04:00.000 pm",Availability,11
"25/7/2022, 4:04:00.000 pm",Availability,12
"25/7/2022, 4:04:00.000 pm",ServiceApiResult,12
"25/7/2022, 4:04:00.000 pm",ServiceApiLatency,1156
"25/7/2022, 4:04:00.000 pm",ServiceApiResult,11
"25/7/2022, 4:04:00.000 pm",ServiceApiLatency,789
"25/7/2022, 4:04:00.000 pm",ServiceApiHit,12
"25/7/2022, 4:04:00.000 pm",ServiceApiHit,11
"25/7/2022, 4:05:00.000 pm",ServiceApiResult,22
"25/7/2022, 4:05:00.000 pm",Availability,22
"25/7/2022, 4:05:00.000 pm",Availability,24
"25/7/2022, 4:05:00.000 pm",ServiceApiResult,24
"25/7/2022, 4:05:00.000 pm",ServiceApiLatency,2348
"25/7/2022, 4:05:00.000 pm",ServiceApiHit,24
"25/7/2022, 4:05:00.000 pm",ServiceApiLatency,1370
"25/7/2022, 4:05:00.000 pm",ServiceApiHit,22
"25/7/2022, 4:06:00.000 pm",ServiceApiHit,11
"25/7/2022, 4:06:00.000 pm",ServiceApiLatency,832
"25/7/2022, 4:06:00.000 pm",ServiceApiHit,12
"25/7/2022, 4:06:00.000 pm",ServiceApiLatency,1143
"25/7/2022, 4:06:00.000 pm",ServiceApiResult,12
"25/7/2022, 4:06:00.000 pm",Availability,12
"25/7/2022, 4:06:00.000 pm",Availability,11
"25/7/2022, 4:06:00.000 pm",ServiceApiResult,11
"25/7/2022, 4:07:00.000 pm",ServiceApiHit,24
"25/7/2022, 4:07:00.000 pm",ServiceApiResult,22
"25/7/2022, 4:07:00.000 pm",ServiceApiLatency,2308
"25/7/2022, 4:07:00.000 pm",Availability,22
"25/7/2022, 4:07:00.000 pm",ServiceApiResult,24
"25/7/2022, 4:07:00.000 pm",Availability,24
"25/7/2022, 4:07:00.000 pm",ServiceApiLatency,1211
"25/7/2022, 4:07:00.000 pm",ServiceApiHit,22
"25/7/2022, 4:08:00.000 pm",Availability,23
"25/7/2022, 4:08:00.000 pm",ServiceApiResult,23
"25/7/2022, 4:08:00.000 pm",ServiceApiLatency,1380
"25/7/2022, 4:08:00.000 pm",ServiceApiHit,23
"25/7/2022, 4:08:00.000 pm",Availability,11
"25/7/2022, 4:08:00.000 pm",ServiceApiResult,11
"25/7/2022, 4:08:00.000 pm",ServiceApiLatency,748
"25/7/2022, 4:08:00.000 pm",ServiceApiHit,11
"25/7/2022, 4:09:00.000 pm",ServiceApiLatency,661
"25/7/2022, 4:09:00.000 pm",ServiceApiHit,34
"25/7/2022, 4:09:00.000 pm",Availability,11
"25/7/2022, 4:09:00.000 pm",ServiceApiHit,11
"25/7/2022, 4:09:00.000 pm",ServiceApiResult,11
"25/7/2022, 4:09:00.000 pm",ServiceApiLatency,1371
"25/7/2022, 4:09:00.000 pm",ServiceApiResult,34
"25/7/2022, 4:09:00.000 pm",Availability,34
"25/7/2022, 4:10:00.000 pm",ServiceApiHit,17
"25/7/2022, 4:10:00.000 pm",Availability,11
"25/7/2022, 4:10:00.000 pm",ServiceApiResult,11
"25/7/2022, 4:10:00.000 pm",ServiceApiHit,11
"25/7/2022, 4:10:00.000 pm",ServiceApiLatency,759
"25/7/2022, 4:10:00.000 pm",Availability,17
"25/7/2022, 4:10:00.000 pm",ServiceApiLatency,1273
"25/7/2022, 4:10:00.000 pm",ServiceApiResult,17
"25/7/2022, 4:11:00.000 pm",ServiceApiHit,22
"25/7/2022, 4:11:00.000 pm",ServiceApiLatency,1582
"25/7/2022, 4:11:00.000 pm",ServiceApiResult,22
"25/7/2022, 4:11:00.000 pm",Availability,22
"25/7/2022, 4:11:00.000 pm",ServiceApiHit,24
"25/7/2022, 4:11:00.000 pm",ServiceApiLatency,2318
"25/7/2022, 4:11:00.000 pm",ServiceApiResult,24
"25/7/2022, 4:11:00.000 pm",Availability,24
"25/7/2022, 4:12:00.000 pm",ServiceApiHit,24
"25/7/2022, 4:12:00.000 pm",ServiceApiLatency,1303
"25/7/2022, 4:12:00.000 pm",ServiceApiResult,24
"25/7/2022, 4:12:00.000 pm",Availability,24
"25/7/2022, 4:12:00.000 pm",Availability,11
"25/7/2022, 4:12:00.000 pm",ServiceApiResult,11
"25/7/2022, 4:12:00.000 pm",ServiceApiLatency,733
"25/7/2022, 4:12:00.000 pm",ServiceApiHit,11
"25/7/2022, 4:13:00.000 pm",ServiceApiResult,46
"25/7/2022, 4:13:00.000 pm",ServiceApiResult,22
"25/7/2022, 4:13:00.000 pm",ServiceApiLatency,1262
"25/7/2022, 4:13:00.000 pm",ServiceApiHit,22
"25/7/2022, 4:13:00.000 pm",ServiceApiHit,46
"25/7/2022, 4:13:00.000 pm",ServiceApiLatency,2463
"25/7/2022, 4:13:00.000 pm",Availability,46
"25/7/2022, 4:13:00.000 pm",Availability,22
"25/7/2022, 4:14:00.000 pm",ServiceApiHit,11
"25/7/2022, 4:14:00.000 pm",Availability,11
"25/7/2022, 4:14:00.000 pm",ServiceApiLatency,621
"25/7/2022, 4:14:00.000 pm",ServiceApiResult,11
"25/7/2022, 4:14:00.000 pm",Availability,32
"25/7/2022, 4:14:00.000 pm",ServiceApiLatency,1403
"25/7/2022, 4:14:00.000 pm",ServiceApiHit,32
"25/7/2022, 4:14:00.000 pm",ServiceApiResult,32
"25/7/2022, 4:15:00.000 pm",ServiceApiHit,22
"25/7/2022, 4:15:00.000 pm",ServiceApiLatency,1267
"25/7/2022, 4:15:00.000 pm",ServiceApiResult,22
"25/7/2022, 4:15:00.000 pm",Availability,22
"25/7/2022, 4:15:00.000 pm",Availability,24
"25/7/2022, 4:15:00.000 pm",ServiceApiHit,24
"25/7/2022, 4:15:00.000 pm",ServiceApiLatency,2230
"25/7/2022, 4:15:00.000 pm",ServiceApiResult,24
"25/7/2022, 4:16:00.000 pm",Availability,11
"25/7/2022, 4:16:00.000 pm",ServiceApiResult,11
"25/7/2022, 4:16:00.000 pm",ServiceApiLatency,795
"25/7/2022, 4:16:00.000 pm",ServiceApiHit,11
"25/7/2022, 4:16:00.000 pm",ServiceApiHit,12
"25/7/2022, 4:16:00.000 pm",ServiceApiLatency,1186
"25/7/2022, 4:16:00.000 pm",ServiceApiResult,12
"25/7/2022, 4:16:00.000 pm",Availability,12
"25/7/2022, 4:17:00.000 pm",Availability,12
"25/7/2022, 4:17:00.000 pm",ServiceApiResult,12
"25/7/2022, 4:17:00.000 pm",ServiceApiHit,11
"25/7/2022, 4:17:00.000 pm",ServiceApiLatency,616
"25/7/2022, 4:17:00.000 pm",ServiceApiResult,11
"25/7/2022, 4:17:00.000 pm",Availability,11
"25/7/2022, 4:17:00.000 pm",ServiceApiLatency,1312
"25/7/2022, 4:17:00.000 pm",ServiceApiHit,12
"25/7/2022, 4:18:00.000 pm",ServiceApiHit,11
"25/7/2022, 4:18:00.000 pm",Availability,24
"25/7/2022, 4:18:00.000 pm",ServiceApiResult,24
"25/7/2022, 4:18:00.000 pm",ServiceApiLatency,1252
"25/7/2022, 4:18:00.000 pm",ServiceApiHit,24
"25/7/2022, 4:18:00.000 pm",ServiceApiResult,11
"25/7/2022, 4:18:00.000 pm",ServiceApiLatency,593
"25/7/2022, 4:18:00.000 pm",Availability,11
"25/7/2022, 4:19:00.000 pm",Availability,22
"25/7/2022, 4:19:00.000 pm",ServiceApiResult,22
"25/7/2022, 4:19:00.000 pm",ServiceApiLatency,1257
"25/7/2022, 4:19:00.000 pm",ServiceApiHit,22
"25/7/2022, 4:19:00.000 pm",Availability,30
"25/7/2022, 4:19:00.000 pm",ServiceApiResult,30
"25/7/2022, 4:19:00.000 pm",ServiceApiLatency,2321
"25/7/2022, 4:19:00.000 pm",ServiceApiHit,30
"25/7/2022, 4:20:00.000 pm",ServiceApiResult,11
"25/7/2022, 4:20:00.000 pm",ServiceApiLatency,610
"25/7/2022, 4:20:00.000 pm",ServiceApiHit,11
"25/7/2022, 4:20:00.000 pm",Availability,12
"25/7/2022, 4:20:00.000 pm",ServiceApiResult,12
"25/7/2022, 4:20:00.000 pm",ServiceApiLatency,1178
"25/7/2022, 4:20:00.000 pm",ServiceApiHit,12
"25/7/2022, 4:20:00.000 pm",Availability,11
"25/7/2022, 4:21:00.000 pm",Availability,22
"25/7/2022, 4:21:00.000 pm",ServiceApiResult,22
"25/7/2022, 4:21:00.000 pm",ServiceApiLatency,1307
"25/7/2022, 4:21:00.000 pm",ServiceApiHit,22
"25/7/2022, 4:21:00.000 pm",Availability,24
"25/7/2022, 4:21:00.000 pm",ServiceApiHit,24
"25/7/2022, 4:21:00.000 pm",ServiceApiLatency,2421
"25/7/2022, 4:21:00.000 pm",ServiceApiResult,24
"25/7/2022, 4:22:00.000 pm",Availability,11
"25/7/2022, 4:22:00.000 pm",ServiceApiResult,11
"25/7/2022, 4:22:00.000 pm",ServiceApiLatency,626
"25/7/2022, 4:22:00.000 pm",ServiceApiHit,11
"25/7/2022, 4:22:00.000 pm",ServiceApiHit,12
"25/7/2022, 4:22:00.000 pm",ServiceApiLatency,1193
"25/7/2022, 4:22:00.000 pm",ServiceApiResult,12
"25/7/2022, 4:22:00.000 pm",Availability,12
"25/7/2022, 4:23:00.000 pm",ServiceApiLatency,2579
"25/7/2022, 4:23:00.000 pm",ServiceApiResult,44
"25/7/2022, 4:23:00.000 pm",ServiceApiHit,22
"25/7/2022, 4:23:00.000 pm",ServiceApiLatency,1362
"25/7/2022, 4:23:00.000 pm",ServiceApiResult,22
"25/7/2022, 4:23:00.000 pm",Availability,22
"25/7/2022, 4:23:00.000 pm",Availability,44
"25/7/2022, 4:23:00.000 pm",ServiceApiHit,44
"25/7/2022, 4:24:00.000 pm",ServiceApiLatency,1462
"25/7/2022, 4:24:00.000 pm",Availability,11
"25/7/2022, 4:24:00.000 pm",ServiceApiResult,11
"25/7/2022, 4:24:00.000 pm",ServiceApiLatency,714
"25/7/2022, 4:24:00.000 pm",ServiceApiHit,11
"25/7/2022, 4:24:00.000 pm",Availability,24
"25/7/2022, 4:24:00.000 pm",ServiceApiResult,24
"25/7/2022, 4:24:00.000 pm",ServiceApiHit,24
"25/7/2022, 4:25:00.000 pm",Availability,22
"25/7/2022, 4:25:00.000 pm",ServiceApiResult,22
"25/7/2022, 4:25:00.000 pm",ServiceApiLatency,1279
"25/7/2022, 4:25:00.000 pm",ServiceApiHit,22
"25/7/2022, 4:25:00.000 pm",ServiceApiLatency,1461
"25/7/2022, 4:25:00.000 pm",ServiceApiHit,14
"25/7/2022, 4:25:00.000 pm",ServiceApiResult,14
"25/7/2022, 4:25:00.000 pm",Availability,14
"25/7/2022, 4:26:00.000 pm",Availability,10
"25/7/2022, 4:26:00.000 pm",ServiceApiResult,10
"25/7/2022, 4:26:00.000 pm",ServiceApiLatency,1126
"25/7/2022, 4:26:00.000 pm",ServiceApiHit,10
"25/7/2022, 4:27:00.000 pm",ServiceApiHit,24
"25/7/2022, 4:27:00.000 pm",Availability,22
"25/7/2022, 4:27:00.000 pm",ServiceApiResult,22
"25/7/2022, 4:27:00.000 pm",Availability,24
"25/7/2022, 4:27:00.000 pm",ServiceApiHit,22
"25/7/2022, 4:27:00.000 pm",ServiceApiLatency,1235
"25/7/2022, 4:27:00.000 pm",ServiceApiResult,24
"25/7/2022, 4:27:00.000 pm",ServiceApiLatency,2346
"25/7/2022, 4:28:00.000 pm",ServiceApiLatency,1247
"25/7/2022, 4:28:00.000 pm",ServiceApiHit,12
"25/7/2022, 4:28:00.000 pm",Availability,60
"25/7/2022, 4:28:00.000 pm",ServiceApiHit,60
"25/7/2022, 4:28:00.000 pm",ServiceApiResult,12
"25/7/2022, 4:28:00.000 pm",ServiceApiLatency,1671
"25/7/2022, 4:28:00.000 pm",Availability,12
"25/7/2022, 4:28:00.000 pm",ServiceApiResult,60
"25/7/2022, 4:29:00.000 pm",ServiceApiResult,24
"25/7/2022, 4:29:00.000 pm",Availability,24
"25/7/2022, 4:29:00.000 pm",ServiceApiHit,24
"25/7/2022, 4:29:00.000 pm",Availability,22
"25/7/2022, 4:29:00.000 pm",ServiceApiResult,22
"25/7/2022, 4:29:00.000 pm",ServiceApiLatency,1243
"25/7/2022, 4:29:00.000 pm",ServiceApiHit,22
"25/7/2022, 4:29:00.000 pm",ServiceApiLatency,2367
"25/7/2022, 4:30:00.000 pm",ServiceApiHit,11
"25/7/2022, 4:30:00.000 pm",ServiceApiLatency,630
"25/7/2022, 4:30:00.000 pm",ServiceApiResult,11
"25/7/2022, 4:30:00.000 pm",Availability,11
"25/7/2022, 4:30:00.000 pm",ServiceApiHit,12
"25/7/2022, 4:30:00.000 pm",Availability,12
"25/7/2022, 4:30:00.000 pm",ServiceApiResult,12
"25/7/2022, 4:30:00.000 pm",ServiceApiLatency,1192
"25/7/2022, 4:31:00.000 pm",ServiceApiHit,24
"25/7/2022, 4:31:00.000 pm",ServiceApiLatency,2278
"25/7/2022, 4:31:00.000 pm",ServiceApiResult,24
"25/7/2022, 4:31:00.000 pm",ServiceApiHit,22
"25/7/2022, 4:31:00.000 pm",Availability,24
"25/7/2022, 4:31:00.000 pm",ServiceApiLatency,1577
"25/7/2022, 4:31:00.000 pm",ServiceApiResult,22
"25/7/2022, 4:31:00.000 pm",Availability,22
"25/7/2022, 4:32:00.000 pm",Availability,11
"25/7/2022, 4:32:00.000 pm",ServiceApiResult,11
"25/7/2022, 4:32:00.000 pm",ServiceApiLatency,622
"25/7/2022, 4:32:00.000 pm",ServiceApiHit,11
"25/7/2022, 4:32:00.000 pm",ServiceApiHit,12
"25/7/2022, 4:32:00.000 pm",ServiceApiLatency,1277
"25/7/2022, 4:32:00.000 pm",ServiceApiResult,12
"25/7/2022, 4:32:00.000 pm",Availability,12
"25/7/2022, 4:33:00.000 pm",Availability,11
"25/7/2022, 4:33:00.000 pm",ServiceApiResult,11
"25/7/2022, 4:33:00.000 pm",ServiceApiLatency,588
"25/7/2022, 4:33:00.000 pm",ServiceApiHit,11
"25/7/2022, 4:33:00.000 pm",Availability,12
"25/7/2022, 4:33:00.000 pm",ServiceApiResult,12
"25/7/2022, 4:33:00.000 pm",ServiceApiLatency,1197
"25/7/2022, 4:33:00.000 pm",ServiceApiHit,12
"25/7/2022, 4:34:00.000 pm",ServiceApiHit,12
"25/7/2022, 4:34:00.000 pm",ServiceApiLatency,1190
"25/7/2022, 4:34:00.000 pm",ServiceApiResult,12
"25/7/2022, 4:34:00.000 pm",ServiceApiResult,60
"25/7/2022, 4:34:00.000 pm",Availability,12
"25/7/2022, 4:34:00.000 pm",Availability,60
"25/7/2022, 4:34:00.000 pm",ServiceApiHit,60
"25/7/2022, 4:34:00.000 pm",ServiceApiLatency,1467
"25/7/2022, 4:35:00.000 pm",Availability,22
"25/7/2022, 4:35:00.000 pm",ServiceApiResult,22
"25/7/2022, 4:35:00.000 pm",ServiceApiLatency,1271
"25/7/2022, 4:35:00.000 pm",ServiceApiHit,22
"25/7/2022, 4:35:00.000 pm",ServiceApiHit,124
"25/7/2022, 4:35:00.000 pm",ServiceApiLatency,3126
"25/7/2022, 4:35:00.000 pm",ServiceApiResult,124
"25/7/2022, 4:35:00.000 pm",Availability,124
"25/7/2022, 4:36:00.000 pm",ServiceApiLatency,2213
"25/7/2022, 4:36:00.000 pm",ServiceApiHit,132
"25/7/2022, 4:36:00.000 pm",ServiceApiHit,11
"25/7/2022, 4:36:00.000 pm",ServiceApiLatency,619
"25/7/2022, 4:36:00.000 pm",ServiceApiResult,11
"25/7/2022, 4:36:00.000 pm",Availability,11
"25/7/2022, 4:36:00.000 pm",ServiceApiResult,132
"25/7/2022, 4:36:00.000 pm",Availability,132
"25/7/2022, 4:37:00.000 pm",ServiceApiLatency,1260
"25/7/2022, 4:37:00.000 pm",ServiceApiHit,22
"25/7/2022, 4:37:00.000 pm",Availability,104
"25/7/2022, 4:37:00.000 pm",ServiceApiResult,104
"25/7/2022, 4:37:00.000 pm",ServiceApiHit,104
"25/7/2022, 4:37:00.000 pm",ServiceApiLatency,2987
"25/7/2022, 4:37:00.000 pm",Availability,22
"25/7/2022, 4:37:00.000 pm",ServiceApiResult,22
"25/7/2022, 4:38:00.000 pm",Availability,12
"25/7/2022, 4:38:00.000 pm",ServiceApiResult,12
"25/7/2022, 4:38:00.000 pm",ServiceApiHit,12
"25/7/2022, 4:38:00.000 pm",Availability,11
"25/7/2022, 4:38:00.000 pm",ServiceApiResult,11
"25/7/2022, 4:38:00.000 pm",ServiceApiLatency,625
"25/7/2022, 4:38:00.000 pm",ServiceApiHit,11
"25/7/2022, 4:38:00.000 pm",ServiceApiLatency,1284
"25/7/2022, 4:39:00.000 pm",ServiceApiHit,12
"25/7/2022, 4:39:00.000 pm",ServiceApiLatency,1119
"25/7/2022, 4:39:00.000 pm",ServiceApiResult,12
"25/7/2022, 4:39:00.000 pm",Availability,12
"25/7/2022, 4:39:00.000 pm",ServiceApiHit,12
"25/7/2022, 4:39:00.000 pm",ServiceApiLatency,685
"25/7/2022, 4:39:00.000 pm",ServiceApiResult,12
"25/7/2022, 4:39:00.000 pm",Availability,12
"25/7/2022, 4:40:00.000 pm",ServiceApiResult,10
"25/7/2022, 4:40:00.000 pm",ServiceApiHit,192
"25/7/2022, 4:40:00.000 pm",ServiceApiLatency,4341
"25/7/2022, 4:40:00.000 pm",ServiceApiResult,192
"25/7/2022, 4:40:00.000 pm",Availability,192
"25/7/2022, 4:40:00.000 pm",ServiceApiHit,10
"25/7/2022, 4:40:00.000 pm",ServiceApiLatency,600
"25/7/2022, 4:40:00.000 pm",Availability,10
"25/7/2022, 4:41:00.000 pm",Availability,203
"25/7/2022, 4:41:00.000 pm",ServiceApiResult,203
"25/7/2022, 4:41:00.000 pm",ServiceApiLatency,4641
"25/7/2022, 4:41:00.000 pm",ServiceApiHit,203
"25/7/2022, 4:41:00.000 pm",ServiceApiHit,22
"25/7/2022, 4:41:00.000 pm",ServiceApiResult,22
"25/7/2022, 4:41:00.000 pm",Availability,22
"25/7/2022, 4:41:00.000 pm",ServiceApiLatency,1225
"25/7/2022, 4:42:00.000 pm",ServiceApiHit,11
"25/7/2022, 4:42:00.000 pm",ServiceApiLatency,632
"25/7/2022, 4:42:00.000 pm",ServiceApiResult,11
"25/7/2022, 4:42:00.000 pm",Availability,11
"25/7/2022, 4:42:00.000 pm",ServiceApiHit,15
"25/7/2022, 4:42:00.000 pm",ServiceApiLatency,1130
"25/7/2022, 4:42:00.000 pm",ServiceApiResult,15
"25/7/2022, 4:42:00.000 pm",Availability,15
"25/7/2022, 4:43:00.000 pm",ServiceApiHit,24
"25/7/2022, 4:43:00.000 pm",ServiceApiLatency,2268
"25/7/2022, 4:43:00.000 pm",ServiceApiResult,24
"25/7/2022, 4:43:00.000 pm",Availability,24
"25/7/2022, 4:43:00.000 pm",Availability,22
"25/7/2022, 4:43:00.000 pm",ServiceApiResult,22
"25/7/2022, 4:43:00.000 pm",ServiceApiLatency,1315
"25/7/2022, 4:43:00.000 pm",ServiceApiHit,22
"25/7/2022, 4:44:00.000 pm",Availability,12
"25/7/2022, 4:44:00.000 pm",ServiceApiResult,12
"25/7/2022, 4:44:00.000 pm",ServiceApiLatency,1066
"25/7/2022, 4:44:00.000 pm",ServiceApiHit,12
"25/7/2022, 4:44:00.000 pm",Availability,11
"25/7/2022, 4:44:00.000 pm",ServiceApiResult,11
"25/7/2022, 4:44:00.000 pm",ServiceApiLatency,687
"25/7/2022, 4:44:00.000 pm",ServiceApiHit,11
"25/7/2022, 4:45:00.000 pm",ServiceApiHit,22
"25/7/2022, 4:45:00.000 pm",ServiceApiLatency,1369
"25/7/2022, 4:45:00.000 pm",ServiceApiResult,22
"25/7/2022, 4:45:00.000 pm",Availability,22
"25/7/2022, 4:45:00.000 pm",Availability,24
"25/7/2022, 4:45:00.000 pm",ServiceApiResult,24
"25/7/2022, 4:45:00.000 pm",ServiceApiLatency,2305
"25/7/2022, 4:45:00.000 pm",ServiceApiHit,24
"25/7/2022, 4:46:00.000 pm",ServiceApiHit,1
"25/7/2022, 4:46:00.000 pm",ServiceApiLatency,5
"25/7/2022, 4:46:00.000 pm",ServiceApiResult,1
"25/7/2022, 4:46:00.000 pm",Availability,1
"25/7/2022, 4:46:00.000 pm",ServiceApiHit,8
"25/7/2022, 4:46:00.000 pm",ServiceApiLatency,67
"25/7/2022, 4:46:00.000 pm",ServiceApiResult,8
"25/7/2022, 4:46:00.000 pm",Availability,8
"25/7/2022, 4:47:00.000 pm",ServiceApiResult,28
"25/7/2022, 4:47:00.000 pm",Availability,28
"25/7/2022, 4:47:00.000 pm",ServiceApiHit,21
"25/7/2022, 4:47:00.000 pm",ServiceApiLatency,1251
"25/7/2022, 4:47:00.000 pm",ServiceApiResult,21
"25/7/2022, 4:47:00.000 pm",Availability,21
"25/7/2022, 4:47:00.000 pm",ServiceApiHit,28
"25/7/2022, 4:47:00.000 pm",ServiceApiLatency,2530
"25/7/2022, 4:48:00.000 pm",ServiceApiHit,11
"25/7/2022, 4:48:00.000 pm",ServiceApiLatency,630
"25/7/2022, 4:48:00.000 pm",ServiceApiResult,11
"25/7/2022, 4:48:00.000 pm",Availability,11
"25/7/2022, 4:49:00.000 pm",Availability,22
"25/7/2022, 4:49:00.000 pm",ServiceApiResult,22
"25/7/2022, 4:49:00.000 pm",ServiceApiHit,22
"25/7/2022, 4:49:00.000 pm",ServiceApiLatency,1281
"25/7/2022, 4:50:00.000 pm",ServiceApiResult,11
"25/7/2022, 4:50:00.000 pm",Availability,11
"25/7/2022, 4:50:00.000 pm",ServiceApiHit,11
"25/7/2022, 4:50:00.000 pm",ServiceApiLatency,593
"25/7/2022, 1:22:00.000 pm",Availability,35
"25/7/2022, 1:22:00.000 pm",ServiceApiResult,35
"25/7/2022, 1:22:00.000 pm",ServiceApiLatency,1298
"25/7/2022, 1:22:00.000 pm",Availability,11
"25/7/2022, 1:22:00.000 pm",ServiceApiLatency,667
"25/7/2022, 1:22:00.000 pm",ServiceApiHit,11
"25/7/2022, 1:22:00.000 pm",ServiceApiHit,35
"25/7/2022, 1:22:00.000 pm",ServiceApiResult,11
"25/7/2022, 1:23:00.000 pm",Availability,11
"25/7/2022, 1:23:00.000 pm",Availability,486
"25/7/2022, 1:23:00.000 pm",ServiceApiResult,486
"25/7/2022, 1:23:00.000 pm",ServiceApiHit,486
"25/7/2022, 1:23:00.000 pm",ServiceApiLatency,7724
"25/7/2022, 1:23:00.000 pm",ServiceApiResult,11
"25/7/2022, 1:23:00.000 pm",ServiceApiLatency,709
"25/7/2022, 1:23:00.000 pm",ServiceApiHit,11
"25/7/2022, 1:24:00.000 pm",ServiceApiHit,11
"25/7/2022, 1:24:00.000 pm",ServiceApiLatency,756
"25/7/2022, 1:24:00.000 pm",ServiceApiResult,11
"25/7/2022, 1:24:00.000 pm",Availability,11
"25/7/2022, 1:24:00.000 pm",ServiceApiHit,558
"25/7/2022, 1:24:00.000 pm",ServiceApiLatency,8878
"25/7/2022, 1:24:00.000 pm",ServiceApiResult,558
"25/7/2022, 1:24:00.000 pm",Availability,558
"25/7/2022, 1:25:00.000 pm",ServiceApiHit,96
"25/7/2022, 1:25:00.000 pm",ServiceApiLatency,2828
"25/7/2022, 1:25:00.000 pm",Availability,22
"25/7/2022, 1:25:00.000 pm",ServiceApiResult,22
"25/7/2022, 1:25:00.000 pm",ServiceApiLatency,1360
"25/7/2022, 1:25:00.000 pm",ServiceApiHit,22
"25/7/2022, 1:25:00.000 pm",ServiceApiResult,96
"25/7/2022, 1:25:00.000 pm",Availability,96
"25/7/2022, 1:26:00.000 pm",ServiceApiLatency,1062
"25/7/2022, 1:26:00.000 pm",ServiceApiHit,11
"25/7/2022, 1:26:00.000 pm",ServiceApiLatency,606
"25/7/2022, 1:26:00.000 pm",ServiceApiResult,11
"25/7/2022, 1:26:00.000 pm",Availability,11
"25/7/2022, 1:26:00.000 pm",ServiceApiHit,12
"25/7/2022, 1:26:00.000 pm",ServiceApiResult,12
"25/7/2022, 1:26:00.000 pm",Availability,12
"25/7/2022, 1:27:00.000 pm",Availability,22
"25/7/2022, 1:27:00.000 pm",ServiceApiResult,22
"25/7/2022, 1:27:00.000 pm",ServiceApiLatency,1252
"25/7/2022, 1:27:00.000 pm",ServiceApiHit,22
"25/7/2022, 1:27:00.000 pm",ServiceApiHit,29
"25/7/2022, 1:27:00.000 pm",ServiceApiLatency,2434
"25/7/2022, 1:27:00.000 pm",ServiceApiResult,29
"25/7/2022, 1:27:00.000 pm",Availability,29
"25/7/2022, 1:28:00.000 pm",ServiceApiHit,11
"25/7/2022, 1:28:00.000 pm",ServiceApiLatency,623
"25/7/2022, 1:28:00.000 pm",ServiceApiResult,11
"25/7/2022, 1:28:00.000 pm",Availability,11
"25/7/2022, 1:28:00.000 pm",Availability,387
"25/7/2022, 1:28:00.000 pm",ServiceApiResult,387
"25/7/2022, 1:28:00.000 pm",ServiceApiLatency,6342
"25/7/2022, 1:28:00.000 pm",ServiceApiHit,387
"25/7/2022, 1:29:00.000 pm",ServiceApiHit,24
"25/7/2022, 1:29:00.000 pm",ServiceApiLatency,2176
"25/7/2022, 1:29:00.000 pm",ServiceApiResult,24
"25/7/2022, 1:29:00.000 pm",Availability,24
"25/7/2022, 1:29:00.000 pm",Availability,22
"25/7/2022, 1:29:00.000 pm",ServiceApiResult,22
"25/7/2022, 1:29:00.000 pm",ServiceApiLatency,1300
"25/7/2022, 1:29:00.000 pm",ServiceApiHit,22
"25/7/2022, 1:30:00.000 pm",ServiceApiLatency,5110
"25/7/2022, 1:30:00.000 pm",ServiceApiHit,359
"25/7/2022, 1:30:00.000 pm",ServiceApiResult,359
"25/7/2022, 1:30:00.000 pm",Availability,359
"25/7/2022, 1:31:00.000 pm",ServiceApiResult,8
"25/7/2022, 1:31:00.000 pm",Availability,8
"25/7/2022, 1:31:00.000 pm",ServiceApiHit,8
"25/7/2022, 1:31:00.000 pm",ServiceApiLatency,71
"25/7/2022, 1:32:00.000 pm",ServiceApiHit,11
"25/7/2022, 1:32:00.000 pm",ServiceApiLatency,590
"25/7/2022, 1:32:00.000 pm",ServiceApiResult,11
"25/7/2022, 1:32:00.000 pm",Availability,11
"25/7/2022, 1:32:00.000 pm",Availability,12
"25/7/2022, 1:32:00.000 pm",ServiceApiLatency,1191
"25/7/2022, 1:32:00.000 pm",ServiceApiResult,12
"25/7/2022, 1:32:00.000 pm",ServiceApiHit,12
"25/7/2022, 1:33:00.000 pm",ServiceApiLatency,1298
"25/7/2022, 1:33:00.000 pm",ServiceApiResult,22
"25/7/2022, 1:33:00.000 pm",ServiceApiHit,22
"25/7/2022, 1:33:00.000 pm",Availability,22
"25/7/2022, 1:33:00.000 pm",ServiceApiHit,24
"25/7/2022, 1:33:00.000 pm",ServiceApiLatency,2398
"25/7/2022, 1:33:00.000 pm",ServiceApiResult,24
"25/7/2022, 1:33:00.000 pm",Availability,24
"25/7/2022, 1:34:00.000 pm",ServiceApiResult,11
"25/7/2022, 1:34:00.000 pm",Availability,11
"25/7/2022, 1:34:00.000 pm",ServiceApiHit,12
"25/7/2022, 1:34:00.000 pm",ServiceApiLatency,633
"25/7/2022, 1:34:00.000 pm",ServiceApiHit,11
"25/7/2022, 1:34:00.000 pm",ServiceApiResult,12
"25/7/2022, 1:34:00.000 pm",Availability,12
"25/7/2022, 1:34:00.000 pm",ServiceApiLatency,1178
"25/7/2022, 1:35:00.000 pm",Availability,24
"25/7/2022, 1:35:00.000 pm",ServiceApiLatency,2932
"25/7/2022, 1:35:00.000 pm",ServiceApiResult,24
"25/7/2022, 1:35:00.000 pm",ServiceApiHit,22
"25/7/2022, 1:35:00.000 pm",ServiceApiLatency,1340
"25/7/2022, 1:35:00.000 pm",Availability,22
"25/7/2022, 1:35:00.000 pm",ServiceApiResult,22
"25/7/2022, 1:35:00.000 pm",ServiceApiHit,24
"25/7/2022, 1:36:00.000 pm",Availability,12
"25/7/2022, 1:36:00.000 pm",ServiceApiResult,12
"25/7/2022, 1:36:00.000 pm",ServiceApiLatency,1351
"25/7/2022, 1:36:00.000 pm",ServiceApiHit,12
"25/7/2022, 1:36:00.000 pm",ServiceApiHit,11
"25/7/2022, 1:36:00.000 pm",ServiceApiLatency,729
"25/7/2022, 1:36:00.000 pm",ServiceApiResult,11
"25/7/2022, 1:36:00.000 pm",Availability,11
"25/7/2022, 1:37:00.000 pm",ServiceApiResult,11
"25/7/2022, 1:37:00.000 pm",Availability,11
"25/7/2022, 1:37:00.000 pm",ServiceApiHit,81
"25/7/2022, 1:37:00.000 pm",ServiceApiLatency,1870
"25/7/2022, 1:37:00.000 pm",ServiceApiResult,80
"25/7/2022, 1:37:00.000 pm",Availability,80
"25/7/2022, 1:37:00.000 pm",ServiceApiLatency,670
"25/7/2022, 1:37:00.000 pm",ServiceApiHit,11
"25/7/2022, 1:38:00.000 pm",Availability,170
"25/7/2022, 1:38:00.000 pm",ServiceApiResult,170
"25/7/2022, 1:38:00.000 pm",ServiceApiLatency,2720
"25/7/2022, 1:38:00.000 pm",ServiceApiHit,169
"25/7/2022, 1:38:00.000 pm",ServiceApiHit,11
"25/7/2022, 1:38:00.000 pm",Availability,11
"25/7/2022, 1:38:00.000 pm",ServiceApiResult,11
"25/7/2022, 1:38:00.000 pm",ServiceApiLatency,625
"25/7/2022, 1:39:00.000 pm",Availability,22
"25/7/2022, 1:39:00.000 pm",ServiceApiResult,22
"25/7/2022, 1:39:00.000 pm",ServiceApiLatency,1851
"25/7/2022, 1:39:00.000 pm",ServiceApiHit,22
"25/7/2022, 1:39:00.000 pm",Availability,162
"25/7/2022, 1:39:00.000 pm",ServiceApiResult,162
"25/7/2022, 1:39:00.000 pm",ServiceApiLatency,3412
"25/7/2022, 1:39:00.000 pm",ServiceApiHit,162
"25/7/2022, 1:40:00.000 pm",Availability,11
"25/7/2022, 1:40:00.000 pm",ServiceApiResult,11
"25/7/2022, 1:40:00.000 pm",ServiceApiLatency,1318
"25/7/2022, 1:40:00.000 pm",ServiceApiHit,11
"25/7/2022, 1:40:00.000 pm",Availability,12
"25/7/2022, 1:40:00.000 pm",ServiceApiResult,12
"25/7/2022, 1:40:00.000 pm",ServiceApiLatency,1243
"25/7/2022, 1:40:00.000 pm",ServiceApiHit,12
"25/7/2022, 1:41:00.000 pm",Availability,208
"25/7/2022, 1:41:00.000 pm",ServiceApiResult,208
"25/7/2022, 1:41:00.000 pm",ServiceApiLatency,4381
"25/7/2022, 1:41:00.000 pm",ServiceApiHit,208
"25/7/2022, 1:41:00.000 pm",ServiceApiHit,22
"25/7/2022, 1:41:00.000 pm",ServiceApiLatency,1240
"25/7/2022, 1:41:00.000 pm",ServiceApiResult,22
"25/7/2022, 1:41:00.000 pm",Availability,22
"25/7/2022, 1:42:00.000 pm",ServiceApiResult,173
"25/7/2022, 1:42:00.000 pm",ServiceApiLatency,2649
"25/7/2022, 1:42:00.000 pm",ServiceApiHit,173
"25/7/2022, 1:42:00.000 pm",ServiceApiHit,11
"25/7/2022, 1:42:00.000 pm",ServiceApiLatency,672
"25/7/2022, 1:42:00.000 pm",ServiceApiResult,11
"25/7/2022, 1:42:00.000 pm",Availability,11
"25/7/2022, 1:42:00.000 pm",Availability,173
"25/7/2022, 1:43:00.000 pm",ServiceApiHit,27
"25/7/2022, 1:43:00.000 pm",ServiceApiLatency,2432
"25/7/2022, 1:43:00.000 pm",ServiceApiResult,27
"25/7/2022, 1:43:00.000 pm",ServiceApiHit,22
"25/7/2022, 1:43:00.000 pm",Availability,27
"25/7/2022, 1:43:00.000 pm",ServiceApiLatency,1295
"25/7/2022, 1:43:00.000 pm",ServiceApiResult,22
"25/7/2022, 1:43:00.000 pm",Availability,22
"25/7/2022, 1:44:00.000 pm",Availability,11
"25/7/2022, 1:44:00.000 pm",ServiceApiResult,11
"25/7/2022, 1:44:00.000 pm",ServiceApiLatency,642
"25/7/2022, 1:44:00.000 pm",ServiceApiHit,11
"25/7/2022, 1:44:00.000 pm",Availability,12
"25/7/2022, 1:44:00.000 pm",ServiceApiResult,12
"25/7/2022, 1:44:00.000 pm",ServiceApiLatency,1074
"25/7/2022, 1:44:00.000 pm",ServiceApiHit,12
"25/7/2022, 1:45:00.000 pm",ServiceApiHit,11
"25/7/2022, 1:45:00.000 pm",ServiceApiLatency,603
"25/7/2022, 1:45:00.000 pm",ServiceApiResult,11
"25/7/2022, 1:45:00.000 pm",Availability,11
"25/7/2022, 1:45:00.000 pm",Availability,564
"25/7/2022, 1:45:00.000 pm",ServiceApiResult,564
"25/7/2022, 1:45:00.000 pm",ServiceApiLatency,8620
"25/7/2022, 1:45:00.000 pm",ServiceApiHit,564
"25/7/2022, 1:46:00.000 pm",Availability,233
"25/7/2022, 1:46:00.000 pm",ServiceApiResult,233
"25/7/2022, 1:46:00.000 pm",ServiceApiLatency,3258
"25/7/2022, 1:46:00.000 pm",ServiceApiHit,233
"25/7/2022, 1:46:00.000 pm",ServiceApiHit,11
"25/7/2022, 1:46:00.000 pm",ServiceApiLatency,652
"25/7/2022, 1:46:00.000 pm",ServiceApiResult,11
"25/7/2022, 1:46:00.000 pm",Availability,11
"25/7/2022, 1:47:00.000 pm",ServiceApiLatency,1337
"25/7/2022, 1:47:00.000 pm",Availability,117
"25/7/2022, 1:47:00.000 pm",ServiceApiResult,117
"25/7/2022, 1:47:00.000 pm",ServiceApiLatency,3239
"25/7/2022, 1:47:00.000 pm",ServiceApiHit,117
"25/7/2022, 1:47:00.000 pm",Availability,22
"25/7/2022, 1:47:00.000 pm",ServiceApiResult,22
"25/7/2022, 1:47:00.000 pm",ServiceApiHit,22
"25/7/2022, 1:48:00.000 pm",Availability,11
"25/7/2022, 1:48:00.000 pm",ServiceApiResult,11
"25/7/2022, 1:48:00.000 pm",ServiceApiHit,11
"25/7/2022, 1:48:00.000 pm",Availability,173
"25/7/2022, 1:48:00.000 pm",ServiceApiResult,173
"25/7/2022, 1:48:00.000 pm",ServiceApiLatency,702
"25/7/2022, 1:48:00.000 pm",ServiceApiHit,173
"25/7/2022, 1:48:00.000 pm",ServiceApiLatency,2477
"25/7/2022, 1:49:00.000 pm",ServiceApiHit,22
"25/7/2022, 1:49:00.000 pm",Availability,22
"25/7/2022, 1:49:00.000 pm",ServiceApiResult,22
"25/7/2022, 1:49:00.000 pm",ServiceApiResult,185
"25/7/2022, 1:49:00.000 pm",ServiceApiLatency,3680
"25/7/2022, 1:49:00.000 pm",ServiceApiHit,185
"25/7/2022, 1:49:00.000 pm",Availability,185
"25/7/2022, 1:49:00.000 pm",ServiceApiLatency,1293
"25/7/2022, 1:50:00.000 pm",ServiceApiHit,11
"25/7/2022, 1:50:00.000 pm",ServiceApiResult,35
"25/7/2022, 1:50:00.000 pm",ServiceApiLatency,1440
"25/7/2022, 1:50:00.000 pm",ServiceApiHit,35
"25/7/2022, 1:50:00.000 pm",ServiceApiLatency,1416
"25/7/2022, 1:50:00.000 pm",ServiceApiResult,11
"25/7/2022, 1:50:00.000 pm",Availability,11
"25/7/2022, 1:50:00.000 pm",Availability,35
"25/7/2022, 1:51:00.000 pm",ServiceApiHit,498
"25/7/2022, 1:51:00.000 pm",Availability,498
"25/7/2022, 1:51:00.000 pm",Availability,22
"25/7/2022, 1:51:00.000 pm",ServiceApiResult,498
"25/7/2022, 1:51:00.000 pm",ServiceApiLatency,8915
"25/7/2022, 1:51:00.000 pm",ServiceApiResult,22
"25/7/2022, 1:51:00.000 pm",ServiceApiLatency,1352
"25/7/2022, 1:51:00.000 pm",ServiceApiHit,22
"25/7/2022, 1:52:00.000 pm",ServiceApiHit,11
"25/7/2022, 1:52:00.000 pm",ServiceApiLatency,677
"25/7/2022, 1:52:00.000 pm",ServiceApiResult,11
"25/7/2022, 1:52:00.000 pm",Availability,11
"25/7/2022, 1:52:00.000 pm",ServiceApiHit,275
"25/7/2022, 1:52:00.000 pm",ServiceApiLatency,4027
"25/7/2022, 1:52:00.000 pm",ServiceApiResult,275
"25/7/2022, 1:52:00.000 pm",Availability,275
"25/7/2022, 1:53:00.000 pm",Availability,524
"25/7/2022, 1:53:00.000 pm",ServiceApiResult,524
"25/7/2022, 1:53:00.000 pm",ServiceApiLatency,8653
"25/7/2022, 1:53:00.000 pm",ServiceApiHit,524
"25/7/2022, 1:53:00.000 pm",ServiceApiHit,22
"25/7/2022, 1:53:00.000 pm",ServiceApiLatency,1420
"25/7/2022, 1:53:00.000 pm",ServiceApiResult,22
"25/7/2022, 1:53:00.000 pm",Availability,22
"25/7/2022, 1:54:00.000 pm",ServiceApiHit,214
"25/7/2022, 1:54:00.000 pm",ServiceApiLatency,4332
"25/7/2022, 1:54:00.000 pm",ServiceApiResult,214
"25/7/2022, 1:54:00.000 pm",Availability,214
"25/7/2022, 1:55:00.000 pm",Availability,24
"25/7/2022, 1:55:00.000 pm",ServiceApiResult,24
"25/7/2022, 1:55:00.000 pm",ServiceApiLatency,2200
"25/7/2022, 1:55:00.000 pm",ServiceApiHit,22
"25/7/2022, 1:55:00.000 pm",ServiceApiHit,24
"25/7/2022, 1:55:00.000 pm",ServiceApiLatency,1362
"25/7/2022, 1:55:00.000 pm",ServiceApiResult,22
"25/7/2022, 1:55:00.000 pm",Availability,22
"25/7/2022, 1:56:00.000 pm",ServiceApiHit,28
"25/7/2022, 1:56:00.000 pm",ServiceApiLatency,1445
"25/7/2022, 1:56:00.000 pm",ServiceApiResult,28
"25/7/2022, 1:56:00.000 pm",Availability,28
"25/7/2022, 1:56:00.000 pm",ServiceApiHit,11
"25/7/2022, 1:56:00.000 pm",ServiceApiLatency,747
"25/7/2022, 1:56:00.000 pm",ServiceApiResult,11
"25/7/2022, 1:56:00.000 pm",Availability,11
"25/7/2022, 1:57:00.000 pm",Availability,24
"25/7/2022, 1:57:00.000 pm",ServiceApiResult,24
"25/7/2022, 1:57:00.000 pm",ServiceApiLatency,2413
"25/7/2022, 1:57:00.000 pm",ServiceApiHit,24
"25/7/2022, 1:57:00.000 pm",ServiceApiHit,22
"25/7/2022, 1:57:00.000 pm",ServiceApiLatency,1310
"25/7/2022, 1:57:00.000 pm",ServiceApiResult,22
"25/7/2022, 1:57:00.000 pm",Availability,22
"25/7/2022, 1:58:00.000 pm",Availability,12
"25/7/2022, 1:58:00.000 pm",ServiceApiResult,12
"25/7/2022, 1:58:00.000 pm",ServiceApiHit,12
"25/7/2022, 1:58:00.000 pm",ServiceApiHit,11
"25/7/2022, 1:58:00.000 pm",ServiceApiLatency,1138
"25/7/2022, 1:58:00.000 pm",ServiceApiLatency,650
"25/7/2022, 1:58:00.000 pm",ServiceApiResult,11
"25/7/2022, 1:58:00.000 pm",Availability,11
"25/7/2022, 1:59:00.000 pm",ServiceApiHit,24
"25/7/2022, 1:59:00.000 pm",ServiceApiHit,22
"25/7/2022, 1:59:00.000 pm",ServiceApiLatency,1341
"25/7/2022, 1:59:00.000 pm",ServiceApiResult,22
"25/7/2022, 1:59:00.000 pm",Availability,22
"25/7/2022, 1:59:00.000 pm",Availability,24
"25/7/2022, 1:59:00.000 pm",ServiceApiResult,24
"25/7/2022, 1:59:00.000 pm",ServiceApiLatency,2433
"25/7/2022, 2:01:00.000 pm",ServiceApiHit,22
"25/7/2022, 2:01:00.000 pm",ServiceApiLatency,1551
"25/7/2022, 2:01:00.000 pm",Availability,185
"25/7/2022, 2:01:00.000 pm",ServiceApiResult,185
"25/7/2022, 2:01:00.000 pm",ServiceApiLatency,3828
"25/7/2022, 2:01:00.000 pm",ServiceApiHit,185
"25/7/2022, 2:01:00.000 pm",ServiceApiResult,22
"25/7/2022, 2:01:00.000 pm",Availability,22
"25/7/2022, 2:02:00.000 pm",ServiceApiHit,11
"25/7/2022, 2:02:00.000 pm",ServiceApiResult,173
"25/7/2022, 2:02:00.000 pm",ServiceApiLatency,2689
"25/7/2022, 2:02:00.000 pm",ServiceApiHit,173
"25/7/2022, 2:02:00.000 pm",ServiceApiLatency,766
"25/7/2022, 2:02:00.000 pm",ServiceApiResult,11
"25/7/2022, 2:02:00.000 pm",Availability,11
"25/7/2022, 2:02:00.000 pm",Availability,173
"25/7/2022, 2:03:00.000 pm",ServiceApiHit,22
"25/7/2022, 2:03:00.000 pm",ServiceApiLatency,1327
"25/7/2022, 2:03:00.000 pm",ServiceApiResult,22
"25/7/2022, 2:03:00.000 pm",Availability,22
"25/7/2022, 2:03:00.000 pm",ServiceApiResult,51
"25/7/2022, 2:03:00.000 pm",ServiceApiHit,51
"25/7/2022, 2:03:00.000 pm",ServiceApiLatency,2878
"25/7/2022, 2:03:00.000 pm",Availability,51
"25/7/2022, 2:04:00.000 pm",ServiceApiHit,11
"25/7/2022, 2:04:00.000 pm",ServiceApiResult,11
"25/7/2022, 2:04:00.000 pm",Availability,11
"25/7/2022, 2:04:00.000 pm",ServiceApiLatency,639
"25/7/2022, 2:04:00.000 pm",Availability,12
"25/7/2022, 2:04:00.000 pm",ServiceApiResult,12
"25/7/2022, 2:04:00.000 pm",ServiceApiLatency,1140
"25/7/2022, 2:04:00.000 pm",ServiceApiHit,12
"25/7/2022, 2:05:00.000 pm",ServiceApiHit,22
"25/7/2022, 2:05:00.000 pm",ServiceApiLatency,1277
"25/7/2022, 2:05:00.000 pm",ServiceApiHit,28
"25/7/2022, 2:05:00.000 pm",ServiceApiLatency,2373
"25/7/2022, 2:05:00.000 pm",ServiceApiResult,28
"25/7/2022, 2:05:00.000 pm",Availability,28
"25/7/2022, 2:05:00.000 pm",ServiceApiResult,22
"25/7/2022, 2:05:00.000 pm",Availability,22
"25/7/2022, 2:06:00.000 pm",ServiceApiLatency,599
"25/7/2022, 2:06:00.000 pm",Availability,11
"25/7/2022, 2:06:00.000 pm",ServiceApiResult,11
"25/7/2022, 2:06:00.000 pm",ServiceApiHit,11
"25/7/2022, 2:06:00.000 pm",ServiceApiHit,34
"25/7/2022, 2:06:00.000 pm",ServiceApiLatency,1470
"25/7/2022, 2:06:00.000 pm",ServiceApiResult,34
"25/7/2022, 2:06:00.000 pm",Availability,34
"25/7/2022, 2:07:00.000 pm",ServiceApiHit,71
"25/7/2022, 2:07:00.000 pm",Availability,71
"25/7/2022, 2:07:00.000 pm",Availability,48
"25/7/2022, 2:07:00.000 pm",ServiceApiResult,48
"25/7/2022, 2:07:00.000 pm",ServiceApiLatency,2687
"25/7/2022, 2:07:00.000 pm",ServiceApiHit,48
"25/7/2022, 2:07:00.000 pm",ServiceApiResult,71
"25/7/2022, 2:07:00.000 pm",ServiceApiLatency,2101
"25/7/2022, 2:08:00.000 pm",ServiceApiLatency,159
"25/7/2022, 2:08:00.000 pm",ServiceApiResult,2
"25/7/2022, 2:08:00.000 pm",ServiceApiHit,2
"25/7/2022, 2:08:00.000 pm",Availability,2
"25/7/2022, 2:08:00.000 pm",ServiceApiHit,14
"25/7/2022, 2:08:00.000 pm",ServiceApiLatency,156
"25/7/2022, 2:08:00.000 pm",ServiceApiResult,14
"25/7/2022, 2:08:00.000 pm",Availability,14
"25/7/2022, 2:09:00.000 pm",Availability,20
"25/7/2022, 2:09:00.000 pm",ServiceApiHit,207
"25/7/2022, 2:09:00.000 pm",ServiceApiLatency,3948
"25/7/2022, 2:09:00.000 pm",ServiceApiResult,207
"25/7/2022, 2:09:00.000 pm",Availability,207
"25/7/2022, 2:09:00.000 pm",ServiceApiResult,20
"25/7/2022, 2:09:00.000 pm",ServiceApiLatency,1127
"25/7/2022, 2:09:00.000 pm",ServiceApiHit,20
"25/7/2022, 2:10:00.000 pm",ServiceApiHit,193
"25/7/2022, 2:10:00.000 pm",ServiceApiLatency,2856
"25/7/2022, 2:10:00.000 pm",ServiceApiResult,193
"25/7/2022, 2:10:00.000 pm",Availability,193
"25/7/2022, 2:10:00.000 pm",ServiceApiHit,11
"25/7/2022, 2:10:00.000 pm",ServiceApiLatency,723
"25/7/2022, 2:10:00.000 pm",ServiceApiResult,11
"25/7/2022, 2:10:00.000 pm",Availability,11
"25/7/2022, 2:11:00.000 pm",ServiceApiHit,100
"25/7/2022, 2:11:00.000 pm",ServiceApiLatency,3391
"25/7/2022, 2:11:00.000 pm",ServiceApiResult,100
"25/7/2022, 2:11:00.000 pm",Availability,100
"25/7/2022, 2:11:00.000 pm",ServiceApiHit,22
"25/7/2022, 2:11:00.000 pm",ServiceApiLatency,1369
"25/7/2022, 2:11:00.000 pm",ServiceApiResult,22
"25/7/2022, 2:11:00.000 pm",Availability,22
"25/7/2022, 2:12:00.000 pm",Availability,11
"25/7/2022, 2:12:00.000 pm",ServiceApiResult,11
"25/7/2022, 2:12:00.000 pm",ServiceApiLatency,763
"25/7/2022, 2:12:00.000 pm",ServiceApiHit,11
"25/7/2022, 2:12:00.000 pm",ServiceApiHit,167
"25/7/2022, 2:12:00.000 pm",ServiceApiLatency,2713
"25/7/2022, 2:12:00.000 pm",ServiceApiResult,167
"25/7/2022, 2:12:00.000 pm",Availability,167
"25/7/2022, 2:13:00.000 pm",ServiceApiHit,194
"25/7/2022, 2:13:00.000 pm",Availability,22
"25/7/2022, 2:13:00.000 pm",ServiceApiResult,22
"25/7/2022, 2:13:00.000 pm",ServiceApiLatency,1299
"25/7/2022, 2:13:00.000 pm",ServiceApiHit,22
"25/7/2022, 2:13:00.000 pm",Availability,194
"25/7/2022, 2:13:00.000 pm",ServiceApiResult,194
"25/7/2022, 2:13:00.000 pm",ServiceApiLatency,4020
"25/7/2022, 2:14:00.000 pm",ServiceApiHit,11
"25/7/2022, 2:14:00.000 pm",ServiceApiLatency,636
"25/7/2022, 2:14:00.000 pm",ServiceApiResult,11
"25/7/2022, 2:14:00.000 pm",Availability,11
"25/7/2022, 2:14:00.000 pm",Availability,112
"25/7/2022, 2:14:00.000 pm",ServiceApiResult,112
"25/7/2022, 2:14:00.000 pm",ServiceApiLatency,2171
"25/7/2022, 2:14:00.000 pm",ServiceApiHit,112
"25/7/2022, 2:15:00.000 pm",ServiceApiResult,22
"25/7/2022, 2:15:00.000 pm",Availability,22
"25/7/2022, 2:15:00.000 pm",ServiceApiLatency,1416
"25/7/2022, 2:15:00.000 pm",ServiceApiHit,22
"25/7/2022, 2:15:00.000 pm",ServiceApiHit,46
"25/7/2022, 2:15:00.000 pm",ServiceApiLatency,2732
"25/7/2022, 2:15:00.000 pm",ServiceApiResult,46
"25/7/2022, 2:15:00.000 pm",Availability,46
"25/7/2022, 2:16:00.000 pm",ServiceApiHit,17
"25/7/2022, 2:16:00.000 pm",ServiceApiLatency,208
"25/7/2022, 2:16:00.000 pm",ServiceApiResult,17
"25/7/2022, 2:16:00.000 pm",Availability,17
"25/7/2022, 2:16:00.000 pm",ServiceApiLatency,462
"25/7/2022, 2:16:00.000 pm",ServiceApiHit,7
"25/7/2022, 2:16:00.000 pm",Availability,7
"25/7/2022, 2:16:00.000 pm",ServiceApiResult,7
"25/7/2022, 2:17:00.000 pm",Availability,41
"25/7/2022, 2:17:00.000 pm",ServiceApiResult,41
"25/7/2022, 2:17:00.000 pm",ServiceApiLatency,2520
"25/7/2022, 2:17:00.000 pm",ServiceApiHit,41
"25/7/2022, 2:17:00.000 pm",ServiceApiHit,15
"25/7/2022, 2:17:00.000 pm",ServiceApiLatency,748
"25/7/2022, 2:17:00.000 pm",ServiceApiResult,15
"25/7/2022, 2:17:00.000 pm",Availability,15
"25/7/2022, 2:18:00.000 pm",ServiceApiLatency,630
"25/7/2022, 2:18:00.000 pm",ServiceApiHit,11
"25/7/2022, 2:18:00.000 pm",Availability,11
"25/7/2022, 2:18:00.000 pm",Availability,34
"25/7/2022, 2:18:00.000 pm",ServiceApiResult,34
"25/7/2022, 2:18:00.000 pm",ServiceApiLatency,1488
"25/7/2022, 2:18:00.000 pm",ServiceApiHit,34
"25/7/2022, 2:18:00.000 pm",ServiceApiResult,11
"25/7/2022, 2:19:00.000 pm",ServiceApiHit,22
"25/7/2022, 2:19:00.000 pm",ServiceApiLatency,1246
"25/7/2022, 2:19:00.000 pm",Availability,47
"25/7/2022, 2:19:00.000 pm",Availability,22
"25/7/2022, 2:19:00.000 pm",ServiceApiResult,22
"25/7/2022, 2:19:00.000 pm",ServiceApiHit,47
"25/7/2022, 2:19:00.000 pm",ServiceApiLatency,2618
"25/7/2022, 2:19:00.000 pm",ServiceApiResult,47
"25/7/2022, 2:20:00.000 pm",Availability,11
"25/7/2022, 2:20:00.000 pm",ServiceApiResult,11
"25/7/2022, 2:20:00.000 pm",ServiceApiLatency,649
"25/7/2022, 2:20:00.000 pm",ServiceApiHit,11
"25/7/2022, 2:20:00.000 pm",Availability,27
"25/7/2022, 2:20:00.000 pm",ServiceApiResult,27
"25/7/2022, 2:20:00.000 pm",ServiceApiLatency,1459
"25/7/2022, 2:20:00.000 pm",ServiceApiHit,27
"25/7/2022, 2:21:00.000 pm",ServiceApiLatency,2809
"25/7/2022, 2:21:00.000 pm",ServiceApiLatency,1343
"25/7/2022, 2:21:00.000 pm",ServiceApiResult,22
"25/7/2022, 2:21:00.000 pm",Availability,43
"25/7/2022, 2:21:00.000 pm",ServiceApiResult,43
"25/7/2022, 2:21:00.000 pm",ServiceApiHit,43
"25/7/2022, 2:21:00.000 pm",ServiceApiHit,22
"25/7/2022, 2:21:00.000 pm",Availability,22
"25/7/2022, 2:22:00.000 pm",ServiceApiHit,34
"25/7/2022, 2:22:00.000 pm",ServiceApiLatency,1642
"25/7/2022, 2:22:00.000 pm",ServiceApiResult,34
"25/7/2022, 2:22:00.000 pm",Availability,34
"25/7/2022, 2:22:00.000 pm",ServiceApiHit,11
"25/7/2022, 2:22:00.000 pm",ServiceApiLatency,637
"25/7/2022, 2:22:00.000 pm",ServiceApiResult,11
"25/7/2022, 2:22:00.000 pm",Availability,11
"25/7/2022, 2:23:00.000 pm",Availability,46
"25/7/2022, 2:23:00.000 pm",ServiceApiResult,46
"25/7/2022, 2:23:00.000 pm",ServiceApiLatency,3001
"25/7/2022, 2:23:00.000 pm",ServiceApiHit,46
"25/7/2022, 2:23:00.000 pm",Availability,22
"25/7/2022, 2:23:00.000 pm",ServiceApiResult,22
"25/7/2022, 2:23:00.000 pm",ServiceApiLatency,1254
"25/7/2022, 2:23:00.000 pm",ServiceApiHit,22
"25/7/2022, 2:24:00.000 pm",ServiceApiLatency,9
"25/7/2022, 2:24:00.000 pm",ServiceApiHit,1
"25/7/2022, 2:24:00.000 pm",Availability,1
"25/7/2022, 2:24:00.000 pm",ServiceApiResult,1
"25/7/2022, 2:25:00.000 pm",ServiceApiHit,41
"25/7/2022, 2:25:00.000 pm",ServiceApiLatency,2827
"25/7/2022, 2:25:00.000 pm",Availability,22
"25/7/2022, 2:25:00.000 pm",ServiceApiResult,22
"25/7/2022, 2:25:00.000 pm",ServiceApiLatency,1391
"25/7/2022, 2:25:00.000 pm",ServiceApiHit,22
"25/7/2022, 2:25:00.000 pm",ServiceApiResult,41
"25/7/2022, 2:25:00.000 pm",Availability,41
"25/7/2022, 2:26:00.000 pm",ServiceApiHit,34
"25/7/2022, 2:26:00.000 pm",ServiceApiLatency,714
"25/7/2022, 2:26:00.000 pm",ServiceApiResult,11
"25/7/2022, 2:26:00.000 pm",Availability,11
"25/7/2022, 2:26:00.000 pm",Availability,34
"25/7/2022, 2:26:00.000 pm",ServiceApiLatency,1581
"25/7/2022, 2:26:00.000 pm",ServiceApiResult,34
"25/7/2022, 2:26:00.000 pm",ServiceApiHit,11
"25/7/2022, 2:27:00.000 pm",ServiceApiHit,22
"25/7/2022, 2:27:00.000 pm",ServiceApiLatency,1314
"25/7/2022, 2:27:00.000 pm",ServiceApiResult,22
"25/7/2022, 2:27:00.000 pm",Availability,22
"25/7/2022, 2:27:00.000 pm",ServiceApiLatency,2825
"25/7/2022, 2:27:00.000 pm",ServiceApiResult,47
"25/7/2022, 2:27:00.000 pm",ServiceApiHit,47
"25/7/2022, 2:27:00.000 pm",Availability,47
"25/7/2022, 2:28:00.000 pm",Availability,24
"25/7/2022, 2:28:00.000 pm",ServiceApiResult,24
"25/7/2022, 2:28:00.000 pm",ServiceApiHit,24
"25/7/2022, 2:28:00.000 pm",ServiceApiHit,11
"25/7/2022, 2:28:00.000 pm",ServiceApiLatency,743
"25/7/2022, 2:28:00.000 pm",ServiceApiResult,11
"25/7/2022, 2:28:00.000 pm",Availability,11
"25/7/2022, 2:28:00.000 pm",ServiceApiLatency,1373
"25/7/2022, 2:29:00.000 pm",ServiceApiLatency,2668
"25/7/2022, 2:29:00.000 pm",ServiceApiResult,46
"25/7/2022, 2:29:00.000 pm",Availability,46
"25/7/2022, 2:29:00.000 pm",ServiceApiHit,46
"25/7/2022, 2:29:00.000 pm",Availability,22
"25/7/2022, 2:29:00.000 pm",ServiceApiResult,22
"25/7/2022, 2:29:00.000 pm",ServiceApiLatency,1515
"25/7/2022, 2:29:00.000 pm",ServiceApiHit,22
"25/7/2022, 2:30:00.000 pm",Availability,28
"25/7/2022, 2:30:00.000 pm",ServiceApiResult,28
"25/7/2022, 2:30:00.000 pm",ServiceApiLatency,1517
"25/7/2022, 2:30:00.000 pm",ServiceApiHit,28
"25/7/2022, 2:30:00.000 pm",Availability,11
"25/7/2022, 2:30:00.000 pm",ServiceApiResult,11
"25/7/2022, 2:30:00.000 pm",ServiceApiLatency,681
"25/7/2022, 2:30:00.000 pm",ServiceApiHit,11
"25/7/2022, 2:31:00.000 pm",ServiceApiLatency,2923
"25/7/2022, 2:31:00.000 pm",ServiceApiResult,47
"25/7/2022, 2:31:00.000 pm",Availability,47
"25/7/2022, 2:31:00.000 pm",ServiceApiHit,47
"25/7/2022, 2:31:00.000 pm",Availability,22
"25/7/2022, 2:31:00.000 pm",ServiceApiResult,22
"25/7/2022, 2:31:00.000 pm",ServiceApiLatency,1343
"25/7/2022, 2:31:00.000 pm",ServiceApiHit,22
"25/7/2022, 2:32:00.000 pm",Availability,23
"25/7/2022, 2:32:00.000 pm",ServiceApiResult,23
"25/7/2022, 2:32:00.000 pm",ServiceApiLatency,283
"25/7/2022, 2:32:00.000 pm",ServiceApiHit,23
"25/7/2022, 2:32:00.000 pm",Availability,51
"25/7/2022, 2:32:00.000 pm",ServiceApiResult,51
"25/7/2022, 2:32:00.000 pm",ServiceApiLatency,1029
"25/7/2022, 2:32:00.000 pm",ServiceApiHit,51
"25/7/2022, 3:00:00.000 pm",Availability,11
"25/7/2022, 3:00:00.000 pm",ServiceApiResult,105
"25/7/2022, 3:00:00.000 pm",Availability,105
"25/7/2022, 3:00:00.000 pm",ServiceApiResult,11
"25/7/2022, 3:00:00.000 pm",ServiceApiLatency,642
"25/7/2022, 3:00:00.000 pm",ServiceApiHit,11
"25/7/2022, 3:00:00.000 pm",ServiceApiLatency,2075
"25/7/2022, 3:00:00.000 pm",ServiceApiHit,105
"25/7/2022, 3:01:00.000 pm",ServiceApiLatency,2749
"25/7/2022, 3:01:00.000 pm",ServiceApiHit,22
"25/7/2022, 3:01:00.000 pm",ServiceApiLatency,1258
"25/7/2022, 3:01:00.000 pm",ServiceApiHit,47
"25/7/2022, 3:01:00.000 pm",ServiceApiResult,22
"25/7/2022, 3:01:00.000 pm",Availability,22
"25/7/2022, 3:01:00.000 pm",Availability,47
"25/7/2022, 3:01:00.000 pm",ServiceApiResult,47
"25/7/2022, 3:02:00.000 pm",ServiceApiHit,43
"25/7/2022, 3:02:00.000 pm",Availability,43
"25/7/2022, 3:02:00.000 pm",ServiceApiResult,43
"25/7/2022, 3:02:00.000 pm",ServiceApiLatency,544
"25/7/2022, 3:03:00.000 pm",ServiceApiHit,31
"25/7/2022, 3:03:00.000 pm",ServiceApiLatency,2297
"25/7/2022, 3:03:00.000 pm",ServiceApiResult,31
"25/7/2022, 3:03:00.000 pm",Availability,31
"25/7/2022, 3:03:00.000 pm",Availability,22
"25/7/2022, 3:03:00.000 pm",ServiceApiResult,22
"25/7/2022, 3:03:00.000 pm",ServiceApiLatency,1319
"25/7/2022, 3:03:00.000 pm",ServiceApiHit,22
"25/7/2022, 3:04:00.000 pm",ServiceApiHit,224
"25/7/2022, 3:04:00.000 pm",ServiceApiLatency,3390
"25/7/2022, 3:04:00.000 pm",ServiceApiResult,224
"25/7/2022, 3:04:00.000 pm",Availability,224
"25/7/2022, 3:04:00.000 pm",Availability,11
"25/7/2022, 3:04:00.000 pm",ServiceApiResult,11
"25/7/2022, 3:04:00.000 pm",ServiceApiLatency,910
"25/7/2022, 3:04:00.000 pm",ServiceApiHit,11
"25/7/2022, 3:05:00.000 pm",ServiceApiHit,22
"25/7/2022, 3:05:00.000 pm",ServiceApiLatency,1320
"25/7/2022, 3:05:00.000 pm",ServiceApiResult,22
"25/7/2022, 3:05:00.000 pm",Availability,22
"25/7/2022, 3:05:00.000 pm",Availability,381
"25/7/2022, 3:05:00.000 pm",ServiceApiResult,381
"25/7/2022, 3:05:00.000 pm",ServiceApiLatency,5709
"25/7/2022, 3:05:00.000 pm",ServiceApiHit,381
"25/7/2022, 3:06:00.000 pm",Availability,107
"25/7/2022, 3:06:00.000 pm",ServiceApiResult,107
"25/7/2022, 3:06:00.000 pm",ServiceApiLatency,2113
"25/7/2022, 3:06:00.000 pm",ServiceApiHit,107
"25/7/2022, 3:06:00.000 pm",ServiceApiHit,11
"25/7/2022, 3:06:00.000 pm",ServiceApiLatency,613
"25/7/2022, 3:06:00.000 pm",ServiceApiResult,11
"25/7/2022, 3:06:00.000 pm",Availability,11
"25/7/2022, 3:07:00.000 pm",ServiceApiHit,22
"25/7/2022, 3:07:00.000 pm",ServiceApiLatency,1290
"25/7/2022, 3:07:00.000 pm",ServiceApiResult,22
"25/7/2022, 3:07:00.000 pm",Availability,22
"25/7/2022, 3:07:00.000 pm",ServiceApiHit,40
"25/7/2022, 3:07:00.000 pm",ServiceApiLatency,3012
"25/7/2022, 3:07:00.000 pm",ServiceApiResult,40
"25/7/2022, 3:07:00.000 pm",Availability,40
"25/7/2022, 3:08:00.000 pm",Availability,11
"25/7/2022, 3:08:00.000 pm",ServiceApiResult,11
"25/7/2022, 3:08:00.000 pm",ServiceApiLatency,629
"25/7/2022, 3:08:00.000 pm",ServiceApiHit,11
"25/7/2022, 3:08:00.000 pm",ServiceApiHit,34
"25/7/2022, 3:08:00.000 pm",ServiceApiLatency,1482
"25/7/2022, 3:08:00.000 pm",ServiceApiResult,34
"25/7/2022, 3:08:00.000 pm",Availability,34
"25/7/2022, 3:09:00.000 pm",Availability,18
"25/7/2022, 3:09:00.000 pm",ServiceApiResult,18
"25/7/2022, 3:09:00.000 pm",ServiceApiLatency,2051
"25/7/2022, 3:09:00.000 pm",ServiceApiHit,18
"25/7/2022, 3:09:00.000 pm",Availability,22
"25/7/2022, 3:09:00.000 pm",ServiceApiResult,22
"25/7/2022, 3:09:00.000 pm",ServiceApiLatency,1791
"25/7/2022, 3:09:00.000 pm",ServiceApiHit,22
"25/7/2022, 3:10:00.000 pm",Availability,6
"25/7/2022, 3:10:00.000 pm",ServiceApiResult,6
"25/7/2022, 3:10:00.000 pm",ServiceApiLatency,425
"25/7/2022, 3:10:00.000 pm",ServiceApiHit,6
"25/7/2022, 3:11:00.000 pm",ServiceApiHit,22
"25/7/2022, 3:11:00.000 pm",ServiceApiLatency,1332
"25/7/2022, 3:11:00.000 pm",ServiceApiResult,22
"25/7/2022, 3:11:00.000 pm",Availability,22
"25/7/2022, 3:11:00.000 pm",ServiceApiHit,34
"25/7/2022, 3:11:00.000 pm",ServiceApiLatency,2593
"25/7/2022, 3:11:00.000 pm",ServiceApiResult,34
"25/7/2022, 3:11:00.000 pm",Availability,34
"25/7/2022, 3:12:00.000 pm",Availability,12
"25/7/2022, 3:12:00.000 pm",ServiceApiResult,12
"25/7/2022, 3:12:00.000 pm",ServiceApiLatency,1516
"25/7/2022, 3:12:00.000 pm",ServiceApiHit,12
"25/7/2022, 3:12:00.000 pm",ServiceApiHit,11
"25/7/2022, 3:12:00.000 pm",ServiceApiLatency,623
"25/7/2022, 3:12:00.000 pm",ServiceApiResult,11
"25/7/2022, 3:12:00.000 pm",Availability,11
"25/7/2022, 3:13:00.000 pm",ServiceApiLatency,2448
"25/7/2022, 3:13:00.000 pm",ServiceApiHit,24
"25/7/2022, 3:13:00.000 pm",ServiceApiHit,22
"25/7/2022, 3:13:00.000 pm",ServiceApiLatency,1286
"25/7/2022, 3:13:00.000 pm",ServiceApiResult,22
"25/7/2022, 3:13:00.000 pm",Availability,22
"25/7/2022, 3:13:00.000 pm",ServiceApiResult,24
"25/7/2022, 3:13:00.000 pm",Availability,24
"25/7/2022, 3:14:00.000 pm",Availability,11
"25/7/2022, 3:14:00.000 pm",ServiceApiResult,11
"25/7/2022, 3:14:00.000 pm",ServiceApiLatency,635
"25/7/2022, 3:14:00.000 pm",ServiceApiHit,11
"25/7/2022, 3:14:00.000 pm",Availability,12
"25/7/2022, 3:14:00.000 pm",ServiceApiResult,12
"25/7/2022, 3:14:00.000 pm",ServiceApiLatency,1397
"25/7/2022, 3:14:00.000 pm",ServiceApiHit,12
"25/7/2022, 3:15:00.000 pm",ServiceApiHit,24
"25/7/2022, 3:15:00.000 pm",ServiceApiLatency,2397
"25/7/2022, 3:15:00.000 pm",Availability,24
"25/7/2022, 3:15:00.000 pm",ServiceApiHit,22
"25/7/2022, 3:15:00.000 pm",ServiceApiLatency,1215
"25/7/2022, 3:15:00.000 pm",ServiceApiResult,22
"25/7/2022, 3:15:00.000 pm",Availability,22
"25/7/2022, 3:15:00.000 pm",ServiceApiResult,24
"25/7/2022, 3:16:00.000 pm",Availability,12
"25/7/2022, 3:16:00.000 pm",ServiceApiHit,12
"25/7/2022, 3:16:00.000 pm",ServiceApiLatency,1145
"25/7/2022, 3:16:00.000 pm",ServiceApiResult,12
"25/7/2022, 3:16:00.000 pm",Availability,11
"25/7/2022, 3:16:00.000 pm",ServiceApiResult,11
"25/7/2022, 3:16:00.000 pm",ServiceApiLatency,648
"25/7/2022, 3:16:00.000 pm",ServiceApiHit,11
"25/7/2022, 3:17:00.000 pm",ServiceApiHit,22
"25/7/2022, 3:17:00.000 pm",ServiceApiLatency,1217
"25/7/2022, 3:17:00.000 pm",ServiceApiResult,22
"25/7/2022, 3:17:00.000 pm",Availability,22
"25/7/2022, 3:17:00.000 pm",Availability,24
"25/7/2022, 3:17:00.000 pm",ServiceApiResult,24
"25/7/2022, 3:17:00.000 pm",ServiceApiLatency,2340
"25/7/2022, 3:17:00.000 pm",ServiceApiHit,24
"25/7/2022, 3:19:00.000 pm",Availability,24
"25/7/2022, 3:19:00.000 pm",ServiceApiResult,24
"25/7/2022, 3:19:00.000 pm",ServiceApiLatency,2293
"25/7/2022, 3:19:00.000 pm",Availability,22
"25/7/2022, 3:19:00.000 pm",ServiceApiResult,22
"25/7/2022, 3:19:00.000 pm",ServiceApiLatency,1209
"25/7/2022, 3:19:00.000 pm",ServiceApiHit,22
"25/7/2022, 3:19:00.000 pm",ServiceApiHit,24
"25/7/2022, 3:20:00.000 pm",ServiceApiResult,11
"25/7/2022, 3:20:00.000 pm",ServiceApiLatency,637
"25/7/2022, 3:20:00.000 pm",ServiceApiHit,11
"25/7/2022, 3:20:00.000 pm",ServiceApiHit,12
"25/7/2022, 3:20:00.000 pm",ServiceApiLatency,1216
"25/7/2022, 3:20:00.000 pm",ServiceApiResult,12
"25/7/2022, 3:20:00.000 pm",Availability,12
"25/7/2022, 3:20:00.000 pm",Availability,11
"25/7/2022, 3:21:00.000 pm",Availability,22
"25/7/2022, 3:21:00.000 pm",ServiceApiResult,22
"25/7/2022, 3:21:00.000 pm",ServiceApiLatency,1294
"25/7/2022, 3:21:00.000 pm",ServiceApiHit,22
"25/7/2022, 3:21:00.000 pm",Availability,28
"25/7/2022, 3:21:00.000 pm",ServiceApiResult,28
"25/7/2022, 3:21:00.000 pm",ServiceApiLatency,2560
"25/7/2022, 3:21:00.000 pm",ServiceApiHit,28
"25/7/2022, 3:22:00.000 pm",ServiceApiHit,11
"25/7/2022, 3:22:00.000 pm",ServiceApiLatency,735
"25/7/2022, 3:22:00.000 pm",ServiceApiResult,11
"25/7/2022, 3:22:00.000 pm",Availability,11
"25/7/2022, 3:22:00.000 pm",Availability,12
"25/7/2022, 3:22:00.000 pm",ServiceApiHit,12
"25/7/2022, 3:22:00.000 pm",ServiceApiLatency,1137
"25/7/2022, 3:22:00.000 pm",ServiceApiResult,12
"25/7/2022, 3:23:00.000 pm",Availability,24
"25/7/2022, 3:23:00.000 pm",ServiceApiResult,24
"25/7/2022, 3:23:00.000 pm",ServiceApiLatency,2751
"25/7/2022, 3:23:00.000 pm",ServiceApiHit,24
"25/7/2022, 3:23:00.000 pm",Availability,22
"25/7/2022, 3:23:00.000 pm",ServiceApiResult,22
"25/7/2022, 3:23:00.000 pm",ServiceApiLatency,1299
"25/7/2022, 3:23:00.000 pm",ServiceApiHit,22
"25/7/2022, 3:25:00.000 pm",Availability,22
"25/7/2022, 3:25:00.000 pm",ServiceApiResult,22
"25/7/2022, 3:25:00.000 pm",ServiceApiLatency,1346
"25/7/2022, 3:25:00.000 pm",ServiceApiHit,22
"25/7/2022, 3:26:00.000 pm",Availability,11
"25/7/2022, 3:26:00.000 pm",ServiceApiResult,11
"25/7/2022, 3:26:00.000 pm",ServiceApiLatency,650
"25/7/2022, 3:26:00.000 pm",ServiceApiHit,11
"25/7/2022, 5:12:00.000 pm",ServiceApiHit,11
"25/7/2022, 5:13:00.000 pm",ServiceApiHit,22
"25/7/2022, 5:14:00.000 pm",ServiceApiHit,11
"25/7/2022, 5:12:00.000 pm",ServiceApiLatency,580
"25/7/2022, 5:13:00.000 pm",ServiceApiLatency,1198
"25/7/2022, 5:14:00.000 pm",ServiceApiLatency,588
"25/7/2022, 5:12:00.000 pm",ServiceApiResult,11
"25/7/2022, 5:13:00.000 pm",ServiceApiResult,22
"25/7/2022, 5:14:00.000 pm",ServiceApiResult,11
"25/7/2022, 5:12:00.000 pm",Availability,11
"25/7/2022, 5:13:00.000 pm",Availability,22
"25/7/2022, 5:14:00.000 pm",Availability,11
"25/7/2022, 5:12:00.000 pm",ServiceApiHit,12
"25/7/2022, 5:13:00.000 pm",ServiceApiHit,24
"25/7/2022, 5:14:00.000 pm",ServiceApiHit,12
"25/7/2022, 5:12:00.000 pm",ServiceApiLatency,1228
"25/7/2022, 5:13:00.000 pm",ServiceApiLatency,2364
"25/7/2022, 5:14:00.000 pm",ServiceApiLatency,1063
"25/7/2022, 5:12:00.000 pm",ServiceApiResult,12
"25/7/2022, 5:13:00.000 pm",ServiceApiResult,24
"25/7/2022, 5:14:00.000 pm",ServiceApiResult,12
"25/7/2022, 5:12:00.000 pm",Availability,12
"25/7/2022, 5:13:00.000 pm",Availability,24
"25/7/2022, 5:14:00.000 pm",Availability,12
"25/7/2022, 5:15:00.000 pm",ServiceApiHit,22
"25/7/2022, 5:16:00.000 pm",ServiceApiHit,11
"25/7/2022, 5:17:00.000 pm",ServiceApiHit,22
"25/7/2022, 5:15:00.000 pm",ServiceApiLatency,1162
"25/7/2022, 5:16:00.000 pm",ServiceApiLatency,605
"25/7/2022, 5:17:00.000 pm",ServiceApiLatency,1291
"25/7/2022, 5:15:00.000 pm",ServiceApiResult,22
"25/7/2022, 5:16:00.000 pm",ServiceApiResult,11
"25/7/2022, 5:17:00.000 pm",ServiceApiResult,22
"25/7/2022, 5:15:00.000 pm",Availability,22
"25/7/2022, 5:16:00.000 pm",Availability,11
"25/7/2022, 5:17:00.000 pm",Availability,22
"25/7/2022, 4:57:00.000 pm",ServiceApiHit,24
"25/7/2022, 4:58:00.000 pm",ServiceApiHit,12
"25/7/2022, 4:59:00.000 pm",ServiceApiHit,24
"25/7/2022, 4:57:00.000 pm",ServiceApiLatency,2144
"25/7/2022, 4:58:00.000 pm",ServiceApiLatency,1086
"25/7/2022, 4:59:00.000 pm",ServiceApiLatency,2289
"25/7/2022, 4:57:00.000 pm",ServiceApiResult,24
"25/7/2022, 4:58:00.000 pm",ServiceApiResult,12
"25/7/2022, 4:59:00.000 pm",ServiceApiResult,24
"25/7/2022, 4:57:00.000 pm",Availability,24
"25/7/2022, 4:58:00.000 pm",Availability,12
"25/7/2022, 4:59:00.000 pm",Availability,24
"25/7/2022, 5:00:00.000 pm",ServiceApiHit,11
"25/7/2022, 5:01:00.000 pm",ServiceApiHit,22
"25/7/2022, 5:00:00.000 pm",ServiceApiLatency,582
"25/7/2022, 5:01:00.000 pm",ServiceApiLatency,1347
"25/7/2022, 5:00:00.000 pm",ServiceApiResult,11
"25/7/2022, 5:01:00.000 pm",ServiceApiResult,22
"25/7/2022, 5:00:00.000 pm",Availability,11
"25/7/2022, 5:01:00.000 pm",Availability,22
"25/7/2022, 5:00:00.000 pm",ServiceApiHit,63
"25/7/2022, 5:01:00.000 pm",ServiceApiHit,332
"25/7/2022, 5:00:00.000 pm",ServiceApiLatency,2754
"25/7/2022, 5:01:00.000 pm",ServiceApiLatency,6579
"25/7/2022, 5:00:00.000 pm",ServiceApiResult,63
"25/7/2022, 5:01:00.000 pm",ServiceApiResult,332
"25/7/2022, 5:00:00.000 pm",Availability,63
"25/7/2022, 5:01:00.000 pm",Availability,332
"25/7/2022, 5:03:00.000 pm",ServiceApiHit,22
"25/7/2022, 5:04:00.000 pm",ServiceApiHit,11
"25/7/2022, 5:05:00.000 pm",ServiceApiHit,22
"25/7/2022, 5:03:00.000 pm",ServiceApiLatency,1207
"25/7/2022, 5:04:00.000 pm",ServiceApiLatency,664
"25/7/2022, 5:05:00.000 pm",ServiceApiLatency,1238
"25/7/2022, 5:03:00.000 pm",ServiceApiResult,22
"25/7/2022, 5:04:00.000 pm",ServiceApiResult,11
"25/7/2022, 5:05:00.000 pm",ServiceApiResult,22
"25/7/2022, 5:03:00.000 pm",Availability,22
"25/7/2022, 5:04:00.000 pm",Availability,11
"25/7/2022, 5:05:00.000 pm",Availability,22
"25/7/2022, 5:03:00.000 pm",ServiceApiHit,24
"25/7/2022, 5:04:00.000 pm",ServiceApiHit,12
"25/7/2022, 5:05:00.000 pm",ServiceApiHit,24
"25/7/2022, 5:03:00.000 pm",ServiceApiLatency,2445
"25/7/2022, 5:04:00.000 pm",ServiceApiLatency,1152
"25/7/2022, 5:05:00.000 pm",ServiceApiLatency,2428
"25/7/2022, 5:03:00.000 pm",ServiceApiResult,24
"25/7/2022, 5:04:00.000 pm",ServiceApiResult,12
"25/7/2022, 5:05:00.000 pm",ServiceApiResult,24
"25/7/2022, 5:03:00.000 pm",Availability,24
"25/7/2022, 5:04:00.000 pm",Availability,12
"25/7/2022, 5:05:00.000 pm",Availability,24
"25/7/2022, 5:06:00.000 pm",ServiceApiHit,11
"25/7/2022, 5:07:00.000 pm",ServiceApiHit,22
"25/7/2022, 5:08:00.000 pm",ServiceApiHit,11
"25/7/2022, 5:06:00.000 pm",ServiceApiLatency,624
"25/7/2022, 5:07:00.000 pm",ServiceApiLatency,1370
"25/7/2022, 5:08:00.000 pm",ServiceApiLatency,622
"25/7/2022, 5:06:00.000 pm",ServiceApiResult,11
"25/7/2022, 5:07:00.000 pm",ServiceApiResult,22
"25/7/2022, 5:08:00.000 pm",ServiceApiResult,11
"25/7/2022, 5:06:00.000 pm",Availability,11
"25/7/2022, 5:07:00.000 pm",Availability,22
"25/7/2022, 5:08:00.000 pm",Availability,11
"25/7/2022, 5:06:00.000 pm",ServiceApiHit,12
"25/7/2022, 5:07:00.000 pm",ServiceApiHit,24
"25/7/2022, 5:08:00.000 pm",ServiceApiHit,16
"25/7/2022, 5:06:00.000 pm",ServiceApiLatency,1187
"25/7/2022, 5:07:00.000 pm",ServiceApiLatency,4198
"25/7/2022, 5:08:00.000 pm",ServiceApiLatency,1197
"25/7/2022, 5:06:00.000 pm",ServiceApiResult,12
"25/7/2022, 5:07:00.000 pm",ServiceApiResult,24
"25/7/2022, 5:08:00.000 pm",ServiceApiResult,16
"25/7/2022, 5:06:00.000 pm",Availability,12
"25/7/2022, 5:07:00.000 pm",Availability,24
"25/7/2022, 5:08:00.000 pm",Availability,16
"25/7/2022, 5:09:00.000 pm",ServiceApiHit,22
"25/7/2022, 5:11:00.000 pm",ServiceApiHit,22
"25/7/2022, 5:09:00.000 pm",ServiceApiLatency,1241
"25/7/2022, 5:11:00.000 pm",ServiceApiLatency,1153
"25/7/2022, 5:09:00.000 pm",ServiceApiResult,22
"25/7/2022, 5:11:00.000 pm",ServiceApiResult,22
"25/7/2022, 5:09:00.000 pm",Availability,22
"25/7/2022, 5:11:00.000 pm",Availability,22
"25/7/2022, 5:09:00.000 pm",ServiceApiHit,193
"25/7/2022, 5:10:00.000 pm",ServiceApiHit,253
"25/7/2022, 5:11:00.000 pm",ServiceApiHit,176
"25/7/2022, 5:09:00.000 pm",ServiceApiLatency,3663
"25/7/2022, 5:10:00.000 pm",ServiceApiLatency,2212
"25/7/2022, 5:11:00.000 pm",ServiceApiLatency,3492
"25/7/2022, 5:09:00.000 pm",ServiceApiResult,193
"25/7/2022, 5:10:00.000 pm",ServiceApiResult,253
"25/7/2022, 5:11:00.000 pm",ServiceApiResult,176
"25/7/2022, 5:09:00.000 pm",Availability,193
"25/7/2022, 5:10:00.000 pm",Availability,253
"25/7/2022, 5:11:00.000 pm",Availability,176
"25/7/2022, 4:48:00.000 pm",ServiceApiHit,12
"25/7/2022, 4:49:00.000 pm",ServiceApiHit,24
"25/7/2022, 4:50:00.000 pm",ServiceApiHit,12
"25/7/2022, 4:48:00.000 pm",ServiceApiLatency,1205
"25/7/2022, 4:49:00.000 pm",ServiceApiLatency,2319
"25/7/2022, 4:50:00.000 pm",ServiceApiLatency,1099
"25/7/2022, 4:48:00.000 pm",ServiceApiResult,12
"25/7/2022, 4:49:00.000 pm",ServiceApiResult,24
"25/7/2022, 4:50:00.000 pm",ServiceApiResult,12
"25/7/2022, 4:48:00.000 pm",Availability,12
"25/7/2022, 4:49:00.000 pm",Availability,24
"25/7/2022, 4:50:00.000 pm",Availability,12
"25/7/2022, 4:51:00.000 pm",ServiceApiHit,22
"25/7/2022, 4:52:00.000 pm",ServiceApiHit,11
"25/7/2022, 4:53:00.000 pm",ServiceApiHit,22
"25/7/2022, 4:51:00.000 pm",ServiceApiLatency,1227
"25/7/2022, 4:52:00.000 pm",ServiceApiLatency,610
"25/7/2022, 4:53:00.000 pm",ServiceApiLatency,1633
"25/7/2022, 4:51:00.000 pm",ServiceApiResult,22
"25/7/2022, 4:52:00.000 pm",ServiceApiResult,11
"25/7/2022, 4:53:00.000 pm",ServiceApiResult,22
"25/7/2022, 4:51:00.000 pm",Availability,22
"25/7/2022, 4:52:00.000 pm",Availability,11
"25/7/2022, 4:53:00.000 pm",Availability,22
"25/7/2022, 4:51:00.000 pm",ServiceApiHit,24
"25/7/2022, 4:52:00.000 pm",ServiceApiHit,12
"25/7/2022, 4:53:00.000 pm",ServiceApiHit,24
"25/7/2022, 4:51:00.000 pm",ServiceApiLatency,2317
"25/7/2022, 4:52:00.000 pm",ServiceApiLatency,1168
"25/7/2022, 4:53:00.000 pm",ServiceApiLatency,2225
"25/7/2022, 4:51:00.000 pm",ServiceApiResult,24
"25/7/2022, 4:52:00.000 pm",ServiceApiResult,12
"25/7/2022, 4:53:00.000 pm",ServiceApiResult,24
"25/7/2022, 4:51:00.000 pm",Availability,24
"25/7/2022, 4:52:00.000 pm",Availability,12
"25/7/2022, 4:53:00.000 pm",Availability,24
"25/7/2022, 4:55:00.000 pm",ServiceApiHit,22
"25/7/2022, 4:56:00.000 pm",ServiceApiHit,11
"25/7/2022, 4:55:00.000 pm",ServiceApiLatency,1179
"25/7/2022, 4:56:00.000 pm",ServiceApiLatency,619
"25/7/2022, 4:55:00.000 pm",ServiceApiResult,22
"25/7/2022, 4:56:00.000 pm",ServiceApiResult,11
"25/7/2022, 4:55:00.000 pm",Availability,22
"25/7/2022, 4:56:00.000 pm",Availability,11
"25/7/2022, 4:55:00.000 pm",ServiceApiHit,24
"25/7/2022, 4:56:00.000 pm",ServiceApiHit,12
"25/7/2022, 4:55:00.000 pm",ServiceApiLatency,2103
"25/7/2022, 4:56:00.000 pm",ServiceApiLatency,1116
"25/7/2022, 4:55:00.000 pm",ServiceApiResult,24
"25/7/2022, 4:56:00.000 pm",ServiceApiResult,12
"25/7/2022, 4:55:00.000 pm",Availability,24
"25/7/2022, 4:56:00.000 pm",Availability,12
"25/7/2022, 4:57:00.000 pm",ServiceApiHit,22
"25/7/2022, 4:58:00.000 pm",ServiceApiHit,11
"25/7/2022, 4:59:00.000 pm",ServiceApiHit,64
"25/7/2022, 4:57:00.000 pm",ServiceApiLatency,1146
"25/7/2022, 4:58:00.000 pm",ServiceApiLatency,579
"25/7/2022, 4:59:00.000 pm",ServiceApiLatency,1962
"25/7/2022, 4:57:00.000 pm",ServiceApiResult,22
"25/7/2022, 4:58:00.000 pm",ServiceApiResult,11
"25/7/2022, 4:59:00.000 pm",ServiceApiResult,64
"25/7/2022, 4:57:00.000 pm",Availability,22
"25/7/2022, 4:58:00.000 pm",Availability,11
"25/7/2022, 4:59:00.000 pm",Availability,64
